rock_artist;genre;label;description;full_pk
13th Floor Elevators;acid_rock_artists;Origin;Austin, Texas, U.S.;13THFLOORELEVATORSORIGINAUSTIN,TEXAS,U.S.
13th Floor Elevators;acid_rock_artists;Genres;Psychedelic rock[1][2];13THFLOORELEVATORSGENRESPSYCHEDELICROCK[1][2]
13th Floor Elevators;acid_rock_artists;Genres;garage rock[3][4];13THFLOORELEVATORSGENRESGARAGEROCK[3][4]
13th Floor Elevators;acid_rock_artists;Genres;acid rock[5];13THFLOORELEVATORSGENRESACIDROCK[5]
13th Floor Elevators;acid_rock_artists;Genres;proto-punk[6];13THFLOORELEVATORSGENRESPROTO-PUNK[6]
13th Floor Elevators;acid_rock_artists;Years active;1965–1969, 1973, 1984, 2015;13THFLOORELEVATORSYEARSACTIVE1965–1969,1973,1984,2015
13th Floor Elevators;acid_rock_artists;Labels;International Artists, Radar, Charly;13THFLOORELEVATORSLABELSINTERNATIONALARTISTS,RADAR,CHARLY
13th Floor Elevators;acid_rock_artists;Past members;Roky Erickson;13THFLOORELEVATORSPASTMEMBERSROKYERICKSON
13th Floor Elevators;acid_rock_artists;Past members;Tommy Hall;13THFLOORELEVATORSPASTMEMBERSTOMMYHALL
13th Floor Elevators;acid_rock_artists;Past members;Stacy Sutherland;13THFLOORELEVATORSPASTMEMBERSSTACYSUTHERLAND
13th Floor Elevators;acid_rock_artists;Past members;John Ike Walton;13THFLOORELEVATORSPASTMEMBERSJOHNIKEWALTON
13th Floor Elevators;acid_rock_artists;Past members;Benny Thurman;13THFLOORELEVATORSPASTMEMBERSBENNYTHURMAN
13th Floor Elevators;acid_rock_artists;Past members;Ronnie Leatherman;13THFLOORELEVATORSPASTMEMBERSRONNIELEATHERMAN
13th Floor Elevators;acid_rock_artists;Past members;Danny Thomas;13THFLOORELEVATORSPASTMEMBERSDANNYTHOMAS
13th Floor Elevators;acid_rock_artists;Past members;Danny Galindo;13THFLOORELEVATORSPASTMEMBERSDANNYGALINDO
13th Floor Elevators;acid_rock_artists;Past members;Duke Davis;13THFLOORELEVATORSPASTMEMBERSDUKEDAVIS
Alice Cooper;acid_rock_artists;Also known as;Alice Cooper Band;ALICECOOPERALSOKNOWNASALICECOOPERBAND
Alice Cooper;acid_rock_artists;Origin;Phoenix, Arizona, U.S.;ALICECOOPERORIGINPHOENIX,ARIZONA,U.S.
Alice Cooper;acid_rock_artists;Genres;Shock rock;ALICECOOPERGENRESSHOCKROCK
Alice Cooper;acid_rock_artists;Genres;hard rock;ALICECOOPERGENRESHARDROCK
Alice Cooper;acid_rock_artists;Genres;heavy metal;ALICECOOPERGENRESHEAVYMETAL
Alice Cooper;acid_rock_artists;Genres;glam rock[1];ALICECOOPERGENRESGLAMROCK[1]
Alice Cooper;acid_rock_artists;Genres;psychedelic rock;ALICECOOPERGENRESPSYCHEDELICROCK
Alice Cooper;acid_rock_artists;Years active;1968;ALICECOOPERYEARSACTIVE1968
Alice Cooper;acid_rock_artists;Years active; (1968);ALICECOOPERYEARSACTIVE (1968)
Alice Cooper;acid_rock_artists;Years active;–1975;ALICECOOPERYEARSACTIVE–1975
Alice Cooper;acid_rock_artists;Years active; (1975);ALICECOOPERYEARSACTIVE (1975)
Alice Cooper;acid_rock_artists;Years active;(reunions: 1999, 2006, 2010, 2011, 2015, 2017, 2019);ALICECOOPERYEARSACTIVE(REUNIONS:1999,2006,2010,2011,2015,2017,2019)
Alice Cooper;acid_rock_artists;Labels;Straight;ALICECOOPERLABELSSTRAIGHT
Alice Cooper;acid_rock_artists;Labels;Warner Bros.;ALICECOOPERLABELSWARNERBROS.
Alice Cooper;acid_rock_artists;Past members;Vincent Furnier;ALICECOOPERPASTMEMBERSVINCENTFURNIER
Alice Cooper;acid_rock_artists;Past members;Glen Buxton;ALICECOOPERPASTMEMBERSGLENBUXTON
Alice Cooper;acid_rock_artists;Past members;Michael Bruce;ALICECOOPERPASTMEMBERSMICHAELBRUCE
Alice Cooper;acid_rock_artists;Past members;Dennis Dunaway;ALICECOOPERPASTMEMBERSDENNISDUNAWAY
Alice Cooper;acid_rock_artists;Past members;Neal Smith;ALICECOOPERPASTMEMBERSNEALSMITH
Alice Cooper;acid_rock_artists;Website;alicecooper.com;ALICECOOPERWEBSITEALICECOOPER.COM
The Amboy Dukes;acid_rock_artists;Origin;Chicago, Illinois, U.S.;THEAMBOYDUKESORIGINCHICAGO,ILLINOIS,U.S.
The Amboy Dukes;acid_rock_artists;Genres;Psychedelic rock;THEAMBOYDUKESGENRESPSYCHEDELICROCK
The Amboy Dukes;acid_rock_artists;Genres;acid rock;THEAMBOYDUKESGENRESACIDROCK
The Amboy Dukes;acid_rock_artists;Genres;hard rock;THEAMBOYDUKESGENRESHARDROCK
The Amboy Dukes;acid_rock_artists;Genres;proto-metal;THEAMBOYDUKESGENRESPROTO-METAL
The Amboy Dukes;acid_rock_artists;Genres;proto-punk;THEAMBOYDUKESGENRESPROTO-PUNK
The Amboy Dukes;acid_rock_artists;Years active;1964–1975;THEAMBOYDUKESYEARSACTIVE1964–1975
The Amboy Dukes;acid_rock_artists;Labels;Mainstream;THEAMBOYDUKESLABELSMAINSTREAM
The Amboy Dukes;acid_rock_artists;Labels;Polydor;THEAMBOYDUKESLABELSPOLYDOR
The Amboy Dukes;acid_rock_artists;Labels;DiscReet;THEAMBOYDUKESLABELSDISCREET
The Amboy Dukes;acid_rock_artists;Past members;Ted Nugent;THEAMBOYDUKESPASTMEMBERSTEDNUGENT
The Amboy Dukes;acid_rock_artists;Past members;Dave Palmer;THEAMBOYDUKESPASTMEMBERSDAVEPALMER
The Amboy Dukes;acid_rock_artists;Past members;Steve Farmer;THEAMBOYDUKESPASTMEMBERSSTEVEFARMER
The Amboy Dukes;acid_rock_artists;Past members;John Drake;THEAMBOYDUKESPASTMEMBERSJOHNDRAKE
The Amboy Dukes;acid_rock_artists;Past members;Rick Lober;THEAMBOYDUKESPASTMEMBERSRICKLOBER
The Amboy Dukes;acid_rock_artists;Past members;Bill White;THEAMBOYDUKESPASTMEMBERSBILLWHITE
The Amboy Dukes;acid_rock_artists;Past members;Greg Arama;THEAMBOYDUKESPASTMEMBERSGREGARAMA
The Amboy Dukes;acid_rock_artists;Past members;Andy Solomon;THEAMBOYDUKESPASTMEMBERSANDYSOLOMON
The Amboy Dukes;acid_rock_artists;Past members;Rusty Day;THEAMBOYDUKESPASTMEMBERSRUSTYDAY
The Amboy Dukes;acid_rock_artists;Past members;K.J. Knight;THEAMBOYDUKESPASTMEMBERSK.J.KNIGHT
The Amboy Dukes;acid_rock_artists;Past members;Rob Ruzga;THEAMBOYDUKESPASTMEMBERSROBRUZGA
The Amboy Dukes;acid_rock_artists;Past members;Rob Grange;THEAMBOYDUKESPASTMEMBERSROBGRANGE
The Amboy Dukes;acid_rock_artists;Past members;Andy Jezowski;THEAMBOYDUKESPASTMEMBERSANDYJEZOWSKI
The Amboy Dukes;acid_rock_artists;Past members;Vic Mastrianni;THEAMBOYDUKESPASTMEMBERSVICMASTRIANNI
The Amboy Dukes;acid_rock_artists;Past members;Gabriel Magno;THEAMBOYDUKESPASTMEMBERSGABRIELMAGNO
The Amboy Dukes;acid_rock_artists;Past members;Butch Giese;THEAMBOYDUKESPASTMEMBERSBUTCHGIESE
Amon Düül;acid_rock_artists;Origin;Munich, West Germany;AMONDÜÜLORIGINMUNICH,WESTGERMANY
Amon Düül;acid_rock_artists;Genres;Krautrock;AMONDÜÜLGENRESKRAUTROCK
Amon Düül;acid_rock_artists;Genres;experimental rock;AMONDÜÜLGENRESEXPERIMENTALROCK
Amon Düül;acid_rock_artists;Genres;acid rock[1];AMONDÜÜLGENRESACIDROCK[1]
Amon Düül;acid_rock_artists;Years active;1967–1971, 1980–1989;AMONDÜÜLYEARSACTIVE1967–1971,1980–1989
Amon Düül;acid_rock_artists;Past members;Eleonora Romana Bauer;AMONDÜÜLPASTMEMBERSELEONORAROMANABAUER
Amon Düül;acid_rock_artists;Past members;Rainer Bauer;AMONDÜÜLPASTMEMBERSRAINERBAUER
Amon Düül;acid_rock_artists;Past members;Klaus Esser;AMONDÜÜLPASTMEMBERSKLAUSESSER
Amon Düül;acid_rock_artists;Past members;Angelika Filanda;AMONDÜÜLPASTMEMBERSANGELIKAFILANDA
Amon Düül;acid_rock_artists;Past members;Helge Filanda;AMONDÜÜLPASTMEMBERSHELGEFILANDA
Amon Düül;acid_rock_artists;Past members;Hansi Fischer;AMONDÜÜLPASTMEMBERSHANSIFISCHER
Amon Düül;acid_rock_artists;Past members;Wolfgang Krischke;AMONDÜÜLPASTMEMBERSWOLFGANGKRISCHKE
Amon Düül;acid_rock_artists;Past members;Peter Leopold;AMONDÜÜLPASTMEMBERSPETERLEOPOLD
Amon Düül;acid_rock_artists;Past members;Ulrich Leopold;AMONDÜÜLPASTMEMBERSULRICHLEOPOLD
Amon Düül;acid_rock_artists;Past members;Uschi Obermaier;AMONDÜÜLPASTMEMBERSUSCHIOBERMAIER
Amon Düül;acid_rock_artists;Past members;Christian Thiele;AMONDÜÜLPASTMEMBERSCHRISTIANTHIELE
Amon Düül;acid_rock_artists;Past members;John Weinzierl;AMONDÜÜLPASTMEMBERSJOHNWEINZIERL
Big Brother and the Holding Company;acid_rock_artists;Origin;San Francisco, California;BIGBROTHERANDTHEHOLDINGCOMPANYORIGINSANFRANCISCO,CALIFORNIA
Big Brother and the Holding Company;acid_rock_artists;Genres;Psychedelic rock[1];BIGBROTHERANDTHEHOLDINGCOMPANYGENRESPSYCHEDELICROCK[1]
Big Brother and the Holding Company;acid_rock_artists;Genres;acid rock[2];BIGBROTHERANDTHEHOLDINGCOMPANYGENRESACIDROCK[2]
Big Brother and the Holding Company;acid_rock_artists;Genres;blues rock[3];BIGBROTHERANDTHEHOLDINGCOMPANYGENRESBLUESROCK[3]
Big Brother and the Holding Company;acid_rock_artists;Years active;1965–1968, 1969–1972, 1987–present;BIGBROTHERANDTHEHOLDINGCOMPANYYEARSACTIVE1965–1968,1969–1972,1987–PRESENT
Big Brother and the Holding Company;acid_rock_artists;Labels;Columbia;BIGBROTHERANDTHEHOLDINGCOMPANYLABELSCOLUMBIA
Big Brother and the Holding Company;acid_rock_artists;Labels;Mainstream;BIGBROTHERANDTHEHOLDINGCOMPANYLABELSMAINSTREAM
Big Brother and the Holding Company;acid_rock_artists;Labels;Warner;BIGBROTHERANDTHEHOLDINGCOMPANYLABELSWARNER
Big Brother and the Holding Company;acid_rock_artists;Members;Peter Albin;BIGBROTHERANDTHEHOLDINGCOMPANYMEMBERSPETERALBIN
Big Brother and the Holding Company;acid_rock_artists;Members;Dave Getz;BIGBROTHERANDTHEHOLDINGCOMPANYMEMBERSDAVEGETZ
Big Brother and the Holding Company;acid_rock_artists;Members;Tom Finch;BIGBROTHERANDTHEHOLDINGCOMPANYMEMBERSTOMFINCH
Big Brother and the Holding Company;acid_rock_artists;Members;Darby Gould;BIGBROTHERANDTHEHOLDINGCOMPANYMEMBERSDARBYGOULD
Big Brother and the Holding Company;acid_rock_artists;Members;David Aguilar;BIGBROTHERANDTHEHOLDINGCOMPANYMEMBERSDAVIDAGUILAR
Big Brother and the Holding Company;acid_rock_artists;Members;Kate Russo Thompson;BIGBROTHERANDTHEHOLDINGCOMPANYMEMBERSKATERUSSOTHOMPSON
Big Brother and the Holding Company;acid_rock_artists;Past members;Sam Andrew;BIGBROTHERANDTHEHOLDINGCOMPANYPASTMEMBERSSAMANDREW
Big Brother and the Holding Company;acid_rock_artists;Past members;James Gurley;BIGBROTHERANDTHEHOLDINGCOMPANYPASTMEMBERSJAMESGURLEY
Big Brother and the Holding Company;acid_rock_artists;Past members;Chuck Jones;BIGBROTHERANDTHEHOLDINGCOMPANYPASTMEMBERSCHUCKJONES
Big Brother and the Holding Company;acid_rock_artists;Past members;Janis Joplin;BIGBROTHERANDTHEHOLDINGCOMPANYPASTMEMBERSJANISJOPLIN
Big Brother and the Holding Company;acid_rock_artists;Past members;Nick Gravenites;BIGBROTHERANDTHEHOLDINGCOMPANYPASTMEMBERSNICKGRAVENITES
Big Brother and the Holding Company;acid_rock_artists;Past members;Kathi McDonald;BIGBROTHERANDTHEHOLDINGCOMPANYPASTMEMBERSKATHIMCDONALD
Big Brother and the Holding Company;acid_rock_artists;Past members;Dave Schallock;BIGBROTHERANDTHEHOLDINGCOMPANYPASTMEMBERSDAVESCHALLOCK
Big Brother and the Holding Company;acid_rock_artists;Past members;Mike Finnigan;BIGBROTHERANDTHEHOLDINGCOMPANYPASTMEMBERSMIKEFINNIGAN
Big Brother and the Holding Company;acid_rock_artists;Past members;Ben Nieves;BIGBROTHERANDTHEHOLDINGCOMPANYPASTMEMBERSBENNIEVES
Big Brother and the Holding Company;acid_rock_artists;Past members;Cathy Richardson;BIGBROTHERANDTHEHOLDINGCOMPANYPASTMEMBERSCATHYRICHARDSON
Big Brother and the Holding Company;acid_rock_artists;Past members;Tommy Odetto;BIGBROTHERANDTHEHOLDINGCOMPANYPASTMEMBERSTOMMYODETTO
Big Brother and the Holding Company;acid_rock_artists;Website;www.bbhc.com;BIGBROTHERANDTHEHOLDINGCOMPANYWEBSITEWWW.BBHC.COM
Black Sabbath;acid_rock_artists;Also known as;The Polka Tulk Blues Band (1968);BLACKSABBATHALSOKNOWNASTHEPOLKATULKBLUESBAND(1968)
Black Sabbath;acid_rock_artists;Also known as;Earth (1968–1969);BLACKSABBATHALSOKNOWNASEARTH(1968–1969)
Black Sabbath;acid_rock_artists;Origin;Birmingham, England;BLACKSABBATHORIGINBIRMINGHAM,ENGLAND
Black Sabbath;acid_rock_artists;Genres;Heavy metal[1];BLACKSABBATHGENRESHEAVYMETAL[1]
Black Sabbath;acid_rock_artists;Discography;Black Sabbath discography;BLACKSABBATHDISCOGRAPHYBLACKSABBATHDISCOGRAPHY
Black Sabbath;acid_rock_artists;Years active;1968–2017 (hiatuses 1985, 1996–1997, 2006–2011);BLACKSABBATHYEARSACTIVE1968–2017(HIATUSES1985,1996–1997,2006–2011)
Black Sabbath;acid_rock_artists;Labels;Fontana;BLACKSABBATHLABELSFONTANA
Black Sabbath;acid_rock_artists;Labels;Vertigo;BLACKSABBATHLABELSVERTIGO
Black Sabbath;acid_rock_artists;Labels;Mercury;BLACKSABBATHLABELSMERCURY
Black Sabbath;acid_rock_artists;Labels;Virgin EMI;BLACKSABBATHLABELSVIRGINEMI
Black Sabbath;acid_rock_artists;Labels;Universal;BLACKSABBATHLABELSUNIVERSAL
Black Sabbath;acid_rock_artists;Labels;Warner Bros.;BLACKSABBATHLABELSWARNERBROS.
Black Sabbath;acid_rock_artists;Labels;I.R.S.;BLACKSABBATHLABELSI.R.S.
Black Sabbath;acid_rock_artists;Labels;Sanctuary;BLACKSABBATHLABELSSANCTUARY
Black Sabbath;acid_rock_artists;Spinoffs;Dio;BLACKSABBATHSPINOFFSDIO
Black Sabbath;acid_rock_artists;Spinoffs;Heaven & Hell;BLACKSABBATHSPINOFFSHEAVEN&HELL
Black Sabbath;acid_rock_artists;Spinoff of;Mythology;BLACKSABBATHSPINOFFOFMYTHOLOGY
Black Sabbath;acid_rock_artists;Spinoff of;Rare Breed[2];BLACKSABBATHSPINOFFOFRAREBREED[2]
Black Sabbath;acid_rock_artists;Past members;List;BLACKSABBATHPASTMEMBERSLIST
Black Sabbath;acid_rock_artists;Website;blacksabbath.com;BLACKSABBATHWEBSITEBLACKSABBATH.COM
Blue Cheer;acid_rock_artists;Origin;San Francisco, California, U.S.;BLUECHEERORIGINSANFRANCISCO,CALIFORNIA,U.S.
Blue Cheer;acid_rock_artists;Genres;Hard rock[1];BLUECHEERGENRESHARDROCK[1]
Blue Cheer;acid_rock_artists;Genres;psychedelic rock[2];BLUECHEERGENRESPSYCHEDELICROCK[2]
Blue Cheer;acid_rock_artists;Genres;blues rock[3];BLUECHEERGENRESBLUESROCK[3]
Blue Cheer;acid_rock_artists;Genres;acid rock[4];BLUECHEERGENRESACIDROCK[4]
Blue Cheer;acid_rock_artists;Genres;heavy metal[5][6];BLUECHEERGENRESHEAVYMETAL[5][6]
Blue Cheer;acid_rock_artists;Genres;proto-punk[7];BLUECHEERGENRESPROTO-PUNK[7]
Blue Cheer;acid_rock_artists;Years active;1966–2009;BLUECHEERYEARSACTIVE1966–2009
Blue Cheer;acid_rock_artists;Past members;See members section;BLUECHEERPASTMEMBERSSEEMEMBERSSECTION
Blues Magoos;acid_rock_artists;Origin;The Bronx, New York City, United States;BLUESMAGOOSORIGINTHEBRONX,NEWYORKCITY,UNITEDSTATES
Blues Magoos;acid_rock_artists;Genres;Psychedelic rock, garage rock, proto-punk, blues rock, acid rock[1];BLUESMAGOOSGENRESPSYCHEDELICROCK,GARAGEROCK,PROTO-PUNK,BLUESROCK,ACIDROCK[1]
Blues Magoos;acid_rock_artists;Years active;1964–1970, 2008–present;BLUESMAGOOSYEARSACTIVE1964–1970,2008–PRESENT
Blues Magoos;acid_rock_artists;Labels;Mercury, Verve, Ganim Records, ABC, Repertoire, Collectables;BLUESMAGOOSLABELSMERCURY,VERVE,GANIMRECORDS,ABC,REPERTOIRE,COLLECTABLES
Blues Magoos;acid_rock_artists;Members;Ralph Scala;BLUESMAGOOSMEMBERSRALPHSCALA
Blues Magoos;acid_rock_artists;Members;"Emil ""Peppy"" Thielhelm";"BLUESMAGOOSMEMBERSEMIL""PEPPY""THIELHELM"
Blues Magoos;acid_rock_artists;Members;Ron Gilbert;BLUESMAGOOSMEMBERSRONGILBERT
Blues Magoos;acid_rock_artists;Members;Mike Esposito;BLUESMAGOOSMEMBERSMIKEESPOSITO
Blues Magoos;acid_rock_artists;Members;Geoff Daking;BLUESMAGOOSMEMBERSGEOFFDAKING
Blues Magoos;acid_rock_artists;Members;Jon Finnegan;BLUESMAGOOSMEMBERSJONFINNEGAN
Blues Magoos;acid_rock_artists;Members;John Leillo;BLUESMAGOOSMEMBERSJOHNLEILLO
Blues Magoos;acid_rock_artists;Members;Eric Kaz;BLUESMAGOOSMEMBERSERICKAZ
Blues Magoos;acid_rock_artists;Members;Roger Eaton;BLUESMAGOOSMEMBERSROGEREATON
Blues Magoos;acid_rock_artists;Members;Richie Dickon;BLUESMAGOOSMEMBERSRICHIEDICKON
Blues Magoos;acid_rock_artists;Members;Dennis LePore;BLUESMAGOOSMEMBERSDENNISLEPORE
The Charlatans;acid_rock_artists;Origin;San Francisco, California, U.S.;THECHARLATANSORIGINSANFRANCISCO,CALIFORNIA,U.S.
The Charlatans;acid_rock_artists;Genres;Folk rock[2];THECHARLATANSGENRESFOLKROCK[2]
The Charlatans;acid_rock_artists;Genres;psychedelic rock[3];THECHARLATANSGENRESPSYCHEDELICROCK[3]
The Charlatans;acid_rock_artists;Genres;acid rock[4];THECHARLATANSGENRESACIDROCK[4]
The Charlatans;acid_rock_artists;Genres;blues[5];THECHARLATANSGENRESBLUES[5]
The Charlatans;acid_rock_artists;Years active;1964–1969;THECHARLATANSYEARSACTIVE1964–1969
The Charlatans;acid_rock_artists;Years active;1997;THECHARLATANSYEARSACTIVE1997
The Charlatans;acid_rock_artists;Years active;2005;THECHARLATANSYEARSACTIVE2005
The Charlatans;acid_rock_artists;Years active;2015;THECHARLATANSYEARSACTIVE2015
The Charlatans;acid_rock_artists;Labels;Kapp;THECHARLATANSLABELSKAPP
The Charlatans;acid_rock_artists;Labels;Philips;THECHARLATANSLABELSPHILIPS
The Charlatans;acid_rock_artists;Past members;George Hunter;THECHARLATANSPASTMEMBERSGEORGEHUNTER
The Charlatans;acid_rock_artists;Past members;Richard Olsen;THECHARLATANSPASTMEMBERSRICHARDOLSEN
The Charlatans;acid_rock_artists;Past members;Mike Wilhelm;THECHARLATANSPASTMEMBERSMIKEWILHELM
The Charlatans;acid_rock_artists;Past members;Mike Ferguson;THECHARLATANSPASTMEMBERSMIKEFERGUSON
The Charlatans;acid_rock_artists;Past members;Dan Hicks;THECHARLATANSPASTMEMBERSDANHICKS
The Charlatans;acid_rock_artists;Past members;Sam Linde;THECHARLATANSPASTMEMBERSSAMLINDE
The Charlatans;acid_rock_artists;Past members;Patrick Gogerty;THECHARLATANSPASTMEMBERSPATRICKGOGERTY
The Charlatans;acid_rock_artists;Past members;Terry Wilson;THECHARLATANSPASTMEMBERSTERRYWILSON
The Charlatans;acid_rock_artists;Past members;Darrell DeVore;THECHARLATANSPASTMEMBERSDARRELLDEVORE
Count Five;acid_rock_artists;Origin;San Jose, California, U.S.;COUNTFIVEORIGINSANJOSE,CALIFORNIA,U.S.
Count Five;acid_rock_artists;Genres;Garage rock[1];COUNTFIVEGENRESGARAGEROCK[1]
Count Five;acid_rock_artists;Genres;psychedelic rock[1];COUNTFIVEGENRESPSYCHEDELICROCK[1]
Count Five;acid_rock_artists;Genres;acid rock[2];COUNTFIVEGENRESACIDROCK[2]
Count Five;acid_rock_artists;Years active;1964 (1964)–1969 (1969);COUNTFIVEYEARSACTIVE1964 (1964)–1969 (1969)
Count Five;acid_rock_artists;Labels;Double Shot;COUNTFIVELABELSDOUBLESHOT
Count Five;acid_rock_artists;Past members;"Craig ""Butch"" Atkinson";"COUNTFIVEPASTMEMBERSCRAIG""BUTCH""ATKINSON"
Count Five;acid_rock_artists;Past members;"John ""Sean"" Byrne";"COUNTFIVEPASTMEMBERSJOHN""SEAN""BYRNE"
Count Five;acid_rock_artists;Past members;Roy Chaney;COUNTFIVEPASTMEMBERSROYCHANEY
Count Five;acid_rock_artists;Past members;Kenn Ellner;COUNTFIVEPASTMEMBERSKENNELLNER
Count Five;acid_rock_artists;Past members;"John ""Mouse"" Michalski";"COUNTFIVEPASTMEMBERSJOHN""MOUSE""MICHALSKI"
Country Joe and the Fish;acid_rock_artists;Origin;Berkeley, California, United States;COUNTRYJOEANDTHEFISHORIGINBERKELEY,CALIFORNIA,UNITEDSTATES
Country Joe and the Fish;acid_rock_artists;Genres;Psychedelic rock;COUNTRYJOEANDTHEFISHGENRESPSYCHEDELICROCK
Country Joe and the Fish;acid_rock_artists;Genres;acid rock;COUNTRYJOEANDTHEFISHGENRESACIDROCK
Country Joe and the Fish;acid_rock_artists;Genres;folk rock;COUNTRYJOEANDTHEFISHGENRESFOLKROCK
Country Joe and the Fish;acid_rock_artists;Years active;1965–1970, sporadically thereafter;COUNTRYJOEANDTHEFISHYEARSACTIVE1965–1970,SPORADICALLYTHEREAFTER
Country Joe and the Fish;acid_rock_artists;Labels;Vanguard;COUNTRYJOEANDTHEFISHLABELSVANGUARD
Country Joe and the Fish;acid_rock_artists;Labels;Fantasy;COUNTRYJOEANDTHEFISHLABELSFANTASY
Country Joe and the Fish;acid_rock_artists;Labels;Rag Baby Records;COUNTRYJOEANDTHEFISHLABELSRAGBABYRECORDS
Country Joe and the Fish;acid_rock_artists;Past members;Country Joe McDonald;COUNTRYJOEANDTHEFISHPASTMEMBERSCOUNTRYJOEMCDONALD
Country Joe and the Fish;acid_rock_artists;Past members;"Barry ""The Fish"" Melton";"COUNTRYJOEANDTHEFISHPASTMEMBERSBARRY""THEFISH""MELTON"
Country Joe and the Fish;acid_rock_artists;Past members;"Gary ""Chicken"" Hirsh";"COUNTRYJOEANDTHEFISHPASTMEMBERSGARY""CHICKEN""HIRSH"
Country Joe and the Fish;acid_rock_artists;Past members;David Bennett Cohen;COUNTRYJOEANDTHEFISHPASTMEMBERSDAVIDBENNETTCOHEN
Country Joe and the Fish;acid_rock_artists;Past members;Bruce Barthol;COUNTRYJOEANDTHEFISHPASTMEMBERSBRUCEBARTHOL
Country Joe and the Fish;acid_rock_artists;Past members;David Getz;COUNTRYJOEANDTHEFISHPASTMEMBERSDAVIDGETZ
Country Joe and the Fish;acid_rock_artists;Past members;Peter Albin;COUNTRYJOEANDTHEFISHPASTMEMBERSPETERALBIN
Country Joe and the Fish;acid_rock_artists;Past members;John Francis Gunning;COUNTRYJOEANDTHEFISHPASTMEMBERSJOHNFRANCISGUNNING
Country Joe and the Fish;acid_rock_artists;Past members;Paul Armstrong;COUNTRYJOEANDTHEFISHPASTMEMBERSPAULARMSTRONG
Country Joe and the Fish;acid_rock_artists;Past members;Mark Ryan;COUNTRYJOEANDTHEFISHPASTMEMBERSMARKRYAN
Country Joe and the Fish;acid_rock_artists;Past members;Gregory Leroy Dewey;COUNTRYJOEANDTHEFISHPASTMEMBERSGREGORYLEROYDEWEY
Country Joe and the Fish;acid_rock_artists;Past members;Mark Kapner;COUNTRYJOEANDTHEFISHPASTMEMBERSMARKKAPNER
Country Joe and the Fish;acid_rock_artists;Past members;Doug Metzner;COUNTRYJOEANDTHEFISHPASTMEMBERSDOUGMETZNER
Country Joe and the Fish;acid_rock_artists;Website;well.com/~cjfish;COUNTRYJOEANDTHEFISHWEBSITEWELL.COM/~CJFISH
Coven;acid_rock_artists;Origin;Chicago, Illinois, United States;COVENORIGINCHICAGO,ILLINOIS,UNITEDSTATES
Coven;acid_rock_artists;Genres;Hard rock;COVENGENRESHARDROCK
Coven;acid_rock_artists;Genres;occult rock;COVENGENRESOCCULTROCK
Coven;acid_rock_artists;Genres;heavy metal;COVENGENRESHEAVYMETAL
Coven;acid_rock_artists;Genres;progressive rock;COVENGENRESPROGRESSIVEROCK
Coven;acid_rock_artists;Genres;psychedelic rock[1];COVENGENRESPSYCHEDELICROCK[1]
Coven;acid_rock_artists;Years active;1967–1975, 2007–present;COVENYEARSACTIVE1967–1975,2007–PRESENT
Coven;acid_rock_artists;Labels;Mercury, Warner Bros., MGM, Buddah, Nevoc;COVENLABELSMERCURY,WARNERBROS.,MGM,BUDDAH,NEVOC
Coven;acid_rock_artists;Members;Jinx Dawson;COVENMEMBERSJINXDAWSON
Coven;acid_rock_artists;Members;Alex Kercheval;COVENMEMBERSALEXKERCHEVAL
Coven;acid_rock_artists;Members;Chris Wild;COVENMEMBERSCHRISWILD
Coven;acid_rock_artists;Members;Colin Oakley;COVENMEMBERSCOLINOAKLEY
Coven;acid_rock_artists;Members;Zayne Hutchison;COVENMEMBERSZAYNEHUTCHISON
Coven;acid_rock_artists;Past members;Oz Osborne;COVENPASTMEMBERSOZOSBORNE
Coven;acid_rock_artists;Past members;Steve Ross;COVENPASTMEMBERSSTEVEROSS
Coven;acid_rock_artists;Past members;Rick Durrett;COVENPASTMEMBERSRICKDURRETT
Coven;acid_rock_artists;Past members;John Hobbs;COVENPASTMEMBERSJOHNHOBBS
Coven;acid_rock_artists;Past members;Chris Neilsen;COVENPASTMEMBERSCHRISNEILSEN
Coven;acid_rock_artists;Past members;David Wilkerson;COVENPASTMEMBERSDAVIDWILKERSON
Coven;acid_rock_artists;Past members;Wade Parish;COVENPASTMEMBERSWADEPARISH
Coven;acid_rock_artists;Past members;Christopher Thurmond;COVENPASTMEMBERSCHRISTOPHERTHURMOND
Cream;acid_rock_artists;Origin;London, England;CREAMORIGINLONDON,ENGLAND
Cream;acid_rock_artists;Genres;Psychedelic rock[1];CREAMGENRESPSYCHEDELICROCK[1]
Cream;acid_rock_artists;Genres;blues rock[2];CREAMGENRESBLUESROCK[2]
Cream;acid_rock_artists;Genres;acid rock[3];CREAMGENRESACIDROCK[3]
Cream;acid_rock_artists;Genres;hard rock[4];CREAMGENRESHARDROCK[4]
Cream;acid_rock_artists;Years active;1966 (1966)–1968;CREAMYEARSACTIVE1966 (1966)–1968
Cream;acid_rock_artists;Years active;1993;CREAMYEARSACTIVE1993
Cream;acid_rock_artists;Years active;2005;CREAMYEARSACTIVE2005
Cream;acid_rock_artists;Labels;Reaction;CREAMLABELSREACTION
Cream;acid_rock_artists;Labels;Polydor;CREAMLABELSPOLYDOR
Cream;acid_rock_artists;Labels;Atco;CREAMLABELSATCO
Cream;acid_rock_artists;Labels;RSO;CREAMLABELSRSO
Cream;acid_rock_artists;Labels;Reprise;CREAMLABELSREPRISE
Cream;acid_rock_artists;Past members;Jack Bruce;CREAMPASTMEMBERSJACKBRUCE
Cream;acid_rock_artists;Past members;Eric Clapton;CREAMPASTMEMBERSERICCLAPTON
Cream;acid_rock_artists;Past members;Ginger Baker;CREAMPASTMEMBERSGINGERBAKER
Deep Purple;acid_rock_artists;Also known as;Roundabout (1967);DEEPPURPLEALSOKNOWNASROUNDABOUT(1967)
Deep Purple;acid_rock_artists;Origin;London, England;DEEPPURPLEORIGINLONDON,ENGLAND
Deep Purple;acid_rock_artists;Genres;Hard rock;DEEPPURPLEGENRESHARDROCK
Deep Purple;acid_rock_artists;Genres;heavy metal;DEEPPURPLEGENRESHEAVYMETAL
Deep Purple;acid_rock_artists;Genres;progressive rock;DEEPPURPLEGENRESPROGRESSIVEROCK
Deep Purple;acid_rock_artists;Genres;psychedelic rock (early);DEEPPURPLEGENRESPSYCHEDELICROCK(EARLY)
Deep Purple;acid_rock_artists;Discography;Deep Purple discography;DEEPPURPLEDISCOGRAPHYDEEPPURPLEDISCOGRAPHY
Deep Purple;acid_rock_artists;Years active;1968–1976;DEEPPURPLEYEARSACTIVE1968–1976
Deep Purple;acid_rock_artists;Years active;1984–present;DEEPPURPLEYEARSACTIVE1984–PRESENT
Deep Purple;acid_rock_artists;Labels;Tetragrammaton;DEEPPURPLELABELSTETRAGRAMMATON
Deep Purple;acid_rock_artists;Labels;Warner Bros.;DEEPPURPLELABELSWARNERBROS.
Deep Purple;acid_rock_artists;Labels;Polydor;DEEPPURPLELABELSPOLYDOR
Deep Purple;acid_rock_artists;Labels;BMG;DEEPPURPLELABELSBMG
Deep Purple;acid_rock_artists;Labels;EMI;DEEPPURPLELABELSEMI
Deep Purple;acid_rock_artists;Labels;Edel;DEEPPURPLELABELSEDEL
Deep Purple;acid_rock_artists;Spinoffs;Rainbow;DEEPPURPLESPINOFFSRAINBOW
Deep Purple;acid_rock_artists;Spinoffs;Whitesnake;DEEPPURPLESPINOFFSWHITESNAKE
Deep Purple;acid_rock_artists;Spinoffs;Paice Ashton Lord;DEEPPURPLESPINOFFSPAICEASHTONLORD
Deep Purple;acid_rock_artists;Spinoffs;Gillan;DEEPPURPLESPINOFFSGILLAN
Deep Purple;acid_rock_artists;Members;Ian Paice;DEEPPURPLEMEMBERSIANPAICE
Deep Purple;acid_rock_artists;Members;Roger Glover;DEEPPURPLEMEMBERSROGERGLOVER
Deep Purple;acid_rock_artists;Members;Ian Gillan;DEEPPURPLEMEMBERSIANGILLAN
Deep Purple;acid_rock_artists;Members;Don Airey;DEEPPURPLEMEMBERSDONAIREY
Deep Purple;acid_rock_artists;Members;Simon McBride;DEEPPURPLEMEMBERSSIMONMCBRIDE
Deep Purple;acid_rock_artists;Past members;Jon Lord;DEEPPURPLEPASTMEMBERSJONLORD
Deep Purple;acid_rock_artists;Past members;Ritchie Blackmore;DEEPPURPLEPASTMEMBERSRITCHIEBLACKMORE
Deep Purple;acid_rock_artists;Past members;Rod Evans;DEEPPURPLEPASTMEMBERSRODEVANS
Deep Purple;acid_rock_artists;Past members;Nick Simper;DEEPPURPLEPASTMEMBERSNICKSIMPER
Deep Purple;acid_rock_artists;Past members;David Coverdale;DEEPPURPLEPASTMEMBERSDAVIDCOVERDALE
Deep Purple;acid_rock_artists;Past members;Glenn Hughes;DEEPPURPLEPASTMEMBERSGLENNHUGHES
Deep Purple;acid_rock_artists;Past members;Tommy Bolin;DEEPPURPLEPASTMEMBERSTOMMYBOLIN
Deep Purple;acid_rock_artists;Past members;Joe Lynn Turner;DEEPPURPLEPASTMEMBERSJOELYNNTURNER
Deep Purple;acid_rock_artists;Past members;Joe Satriani;DEEPPURPLEPASTMEMBERSJOESATRIANI
Deep Purple;acid_rock_artists;Past members;Steve Morse;DEEPPURPLEPASTMEMBERSSTEVEMORSE
Deep Purple;acid_rock_artists;Website;deep-purple.com;DEEPPURPLEWEBSITEDEEP-PURPLE.COM
The Deviants;acid_rock_artists;Origin;United Kingdom;THEDEVIANTSORIGINUNITEDKINGDOM
The Deviants;acid_rock_artists;Genres;Psychedelic rock[1];THEDEVIANTSGENRESPSYCHEDELICROCK[1]
The Deviants;acid_rock_artists;Genres;freakbeat[2];THEDEVIANTSGENRESFREAKBEAT[2]
The Deviants;acid_rock_artists;Genres;garage rock[3];THEDEVIANTSGENRESGARAGEROCK[3]
The Deviants;acid_rock_artists;Genres;acid rock;THEDEVIANTSGENRESACIDROCK
The Deviants;acid_rock_artists;Genres;proto-punk;THEDEVIANTSGENRESPROTO-PUNK
The Deviants;acid_rock_artists;Years active;1966–1969;THEDEVIANTSYEARSACTIVE1966–1969
The Deviants;acid_rock_artists;Years active;1978;THEDEVIANTSYEARSACTIVE1978
The Deviants;acid_rock_artists;Years active;1984;THEDEVIANTSYEARSACTIVE1984
The Deviants;acid_rock_artists;Years active;1996;THEDEVIANTSYEARSACTIVE1996
The Deviants;acid_rock_artists;Years active;2002;THEDEVIANTSYEARSACTIVE2002
The Deviants;acid_rock_artists;Years active;2011–2013;THEDEVIANTSYEARSACTIVE2011–2013
The Deviants;acid_rock_artists;Labels;Sire;THEDEVIANTSLABELSSIRE
The Deviants;acid_rock_artists;Past members;Mick Farren;THEDEVIANTSPASTMEMBERSMICKFARREN
The Deviants;acid_rock_artists;Past members;Pete Munro;THEDEVIANTSPASTMEMBERSPETEMUNRO
The Deviants;acid_rock_artists;Past members;Clive Muldoon;THEDEVIANTSPASTMEMBERSCLIVEMULDOON
The Deviants;acid_rock_artists;Past members;Mike Robinson;THEDEVIANTSPASTMEMBERSMIKEROBINSON
The Deviants;acid_rock_artists;Past members;Benny (surname unknown);THEDEVIANTSPASTMEMBERSBENNY(SURNAMEUNKNOWN)
The Deviants;acid_rock_artists;Past members;Phil Mari;THEDEVIANTSPASTMEMBERSPHILMARI
The Deviants;acid_rock_artists;Past members;Russell Hunter;THEDEVIANTSPASTMEMBERSRUSSELLHUNTER
The Deviants;acid_rock_artists;Past members;Cord Rees;THEDEVIANTSPASTMEMBERSCORDREES
The Deviants;acid_rock_artists;Past members;Ian “Sid” Bishop;THEDEVIANTSPASTMEMBERSIAN“SID”BISHOP
The Deviants;acid_rock_artists;Past members;Michael “MJ” McDonnell;THEDEVIANTSPASTMEMBERSMICHAEL“MJ”MCDONNELL
The Deviants;acid_rock_artists;Past members;Duncan “Sandy” Sanderson;THEDEVIANTSPASTMEMBERSDUNCAN“SANDY”SANDERSON
The Deviants;acid_rock_artists;Past members;Paul Rudolph;THEDEVIANTSPASTMEMBERSPAULRUDOLPH
The Deviants;acid_rock_artists;Past members;Andy Colquhoun;THEDEVIANTSPASTMEMBERSANDYCOLQUHOUN
The Deviants;acid_rock_artists;Past members;Larry Wallis;THEDEVIANTSPASTMEMBERSLARRYWALLIS
The Deviants;acid_rock_artists;Past members;Alan Powell;THEDEVIANTSPASTMEMBERSALANPOWELL
The Deviants;acid_rock_artists;Past members;Wayne Kramer;THEDEVIANTSPASTMEMBERSWAYNEKRAMER
The Deviants;acid_rock_artists;Past members;George Butler;THEDEVIANTSPASTMEMBERSGEORGEBUTLER
The Deviants;acid_rock_artists;Past members;Doug Lunn;THEDEVIANTSPASTMEMBERSDOUGLUNN
The Deviants;acid_rock_artists;Past members;Ric Parnell;THEDEVIANTSPASTMEMBERSRICPARNELL
The Deviants;acid_rock_artists;Past members;Michael Simmons;THEDEVIANTSPASTMEMBERSMICHAELSIMMONS
The Deviants;acid_rock_artists;Past members;Jack Lancaster;THEDEVIANTSPASTMEMBERSJACKLANCASTER
The Deviants;acid_rock_artists;Past members;Garry Chamberlain;THEDEVIANTSPASTMEMBERSGARRYCHAMBERLAIN
The Deviants;acid_rock_artists;Past members;Alexander Stowell;THEDEVIANTSPASTMEMBERSALEXANDERSTOWELL
The Doors;acid_rock_artists;Origin;Los Angeles, California;THEDOORSORIGINLOSANGELES,CALIFORNIA
The Doors;acid_rock_artists;Genres;Psychedelic rock[1];THEDOORSGENRESPSYCHEDELICROCK[1]
The Doors;acid_rock_artists;Genres;blues rock[2];THEDOORSGENRESBLUESROCK[2]
The Doors;acid_rock_artists;Genres;acid rock[3];THEDOORSGENRESACIDROCK[3]
The Doors;acid_rock_artists;Discography;The Doors discography;THEDOORSDISCOGRAPHYTHEDOORSDISCOGRAPHY
The Doors;acid_rock_artists;Years active;1965 (1965)–1973 (1973);THEDOORSYEARSACTIVE1965 (1965)–1973 (1973)
The Doors;acid_rock_artists;Years active;1978;THEDOORSYEARSACTIVE1978
The Doors;acid_rock_artists;Labels;Elektra, Rhino;THEDOORSLABELSELEKTRA,RHINO
The Doors;acid_rock_artists;Spinoffs;The Psychedelic Rangers;THEDOORSSPINOFFSTHEPSYCHEDELICRANGERS
The Doors;acid_rock_artists;Spinoffs;Butts Band;THEDOORSSPINOFFSBUTTSBAND
The Doors;acid_rock_artists;Spinoffs;Nite City;THEDOORSSPINOFFSNITECITY
The Doors;acid_rock_artists;Spinoffs;Manzarek–Krieger;THEDOORSSPINOFFSMANZAREK–KRIEGER
The Doors;acid_rock_artists;Spinoff of;Rick & the Ravens;THEDOORSSPINOFFOFRICK&THERAVENS
The Doors;acid_rock_artists;Past members;Jim Morrison;THEDOORSPASTMEMBERSJIMMORRISON
The Doors;acid_rock_artists;Past members;Ray Manzarek;THEDOORSPASTMEMBERSRAYMANZAREK
The Doors;acid_rock_artists;Past members;Robby Krieger;THEDOORSPASTMEMBERSROBBYKRIEGER
The Doors;acid_rock_artists;Past members;John Densmore;THEDOORSPASTMEMBERSJOHNDENSMORE
The Doors;acid_rock_artists;Website;thedoors.com;THEDOORSWEBSITETHEDOORS.COM
The Electric Prunes;acid_rock_artists;Origin;San Fernando Valley, Los Angeles, California, United States;THEELECTRICPRUNESORIGINSANFERNANDOVALLEY,LOSANGELES,CALIFORNIA,UNITEDSTATES
The Electric Prunes;acid_rock_artists;Genres;Psychedelic rock;THEELECTRICPRUNESGENRESPSYCHEDELICROCK
The Electric Prunes;acid_rock_artists;Genres;garage rock;THEELECTRICPRUNESGENRESGARAGEROCK
The Electric Prunes;acid_rock_artists;Genres;acid rock;THEELECTRICPRUNESGENRESACIDROCK
The Electric Prunes;acid_rock_artists;Genres;electronic rock;THEELECTRICPRUNESGENRESELECTRONICROCK
The Electric Prunes;acid_rock_artists;Years active;1965–1970, 1999–present;THEELECTRICPRUNESYEARSACTIVE1965–1970,1999–PRESENT
The Electric Prunes;acid_rock_artists;Labels;Reprise;THEELECTRICPRUNESLABELSREPRISE
The Electric Prunes;acid_rock_artists;Labels;Radar;THEELECTRICPRUNESLABELSRADAR
The Electric Prunes;acid_rock_artists;Labels;Heartbeat;THEELECTRICPRUNESLABELSHEARTBEAT
The Electric Prunes;acid_rock_artists;Labels;Birdman;THEELECTRICPRUNESLABELSBIRDMAN
The Electric Prunes;acid_rock_artists;Members;James Lowe;THEELECTRICPRUNESMEMBERSJAMESLOWE
The Electric Prunes;acid_rock_artists;Members;Steve Kara;THEELECTRICPRUNESMEMBERSSTEVEKARA
The Electric Prunes;acid_rock_artists;Members;Jay Dean;THEELECTRICPRUNESMEMBERSJAYDEAN
The Electric Prunes;acid_rock_artists;Members;Walter Garces;THEELECTRICPRUNESMEMBERSWALTERGARCES
The Electric Prunes;acid_rock_artists;Members;Rocco Guarino;THEELECTRICPRUNESMEMBERSROCCOGUARINO
The Electric Prunes;acid_rock_artists;Past members;Mark Tulin;THEELECTRICPRUNESPASTMEMBERSMARKTULIN
The Electric Prunes;acid_rock_artists;Past members;Ken Williams;THEELECTRICPRUNESPASTMEMBERSKENWILLIAMS
The Electric Prunes;acid_rock_artists;Past members;Michael Weakley;THEELECTRICPRUNESPASTMEMBERSMICHAELWEAKLEY
The Electric Prunes;acid_rock_artists;Past members;Steve Acoff;THEELECTRICPRUNESPASTMEMBERSSTEVEACOFF
The Electric Prunes;acid_rock_artists;Past members;Dick Hargraves;THEELECTRICPRUNESPASTMEMBERSDICKHARGRAVES
The Electric Prunes;acid_rock_artists;Past members;Preston Ritter;THEELECTRICPRUNESPASTMEMBERSPRESTONRITTER
The Electric Prunes;acid_rock_artists;Past members;James Spagnola;THEELECTRICPRUNESPASTMEMBERSJAMESSPAGNOLA
The Electric Prunes;acid_rock_artists;Past members;Joe Dooley;THEELECTRICPRUNESPASTMEMBERSJOEDOOLEY
The Electric Prunes;acid_rock_artists;Past members;Mike Gannon;THEELECTRICPRUNESPASTMEMBERSMIKEGANNON
The Electric Prunes;acid_rock_artists;Past members;John Herron;THEELECTRICPRUNESPASTMEMBERSJOHNHERRON
The Electric Prunes;acid_rock_artists;Past members;Mark Kincaid;THEELECTRICPRUNESPASTMEMBERSMARKKINCAID
The Electric Prunes;acid_rock_artists;Past members;Brett Wade;THEELECTRICPRUNESPASTMEMBERSBRETTWADE
The Electric Prunes;acid_rock_artists;Past members;Dick Whetstone;THEELECTRICPRUNESPASTMEMBERSDICKWHETSTONE
The Electric Prunes;acid_rock_artists;Past members;Kenny Loggins;THEELECTRICPRUNESPASTMEMBERSKENNYLOGGINS
The Electric Prunes;acid_rock_artists;Past members;Jeromy Stuart;THEELECTRICPRUNESPASTMEMBERSJEROMYSTUART
The Electric Prunes;acid_rock_artists;Past members;Ron Morgan;THEELECTRICPRUNESPASTMEMBERSRONMORGAN
The Electric Prunes;acid_rock_artists;Past members;Cameron Lowe;THEELECTRICPRUNESPASTMEMBERSCAMERONLOWE
The Electric Prunes;acid_rock_artists;Past members;Mark Moulin;THEELECTRICPRUNESPASTMEMBERSMARKMOULIN
The Electric Prunes;acid_rock_artists;Past members;Glen Bostic;THEELECTRICPRUNESPASTMEMBERSGLENBOSTIC
The Electric Prunes;acid_rock_artists;Website;www.electricprunes67.com;THEELECTRICPRUNESWEBSITEWWW.ELECTRICPRUNES67.COM
The Fugs;acid_rock_artists;Origin;Lower East Side, New York City, U.S.;THEFUGSORIGINLOWEREASTSIDE,NEWYORKCITY,U.S.
The Fugs;acid_rock_artists;Genres;Proto-punk[1];THEFUGSGENRESPROTO-PUNK[1]
The Fugs;acid_rock_artists;Genres;rock and roll;THEFUGSGENRESROCKANDROLL
The Fugs;acid_rock_artists;Genres;garage rock;THEFUGSGENRESGARAGEROCK
The Fugs;acid_rock_artists;Genres;folk rock;THEFUGSGENRESFOLKROCK
The Fugs;acid_rock_artists;Genres;psychedelic rock;THEFUGSGENRESPSYCHEDELICROCK
The Fugs;acid_rock_artists;Years active;1964–1969;THEFUGSYEARSACTIVE1964–1969
The Fugs;acid_rock_artists;Years active;1984–present;THEFUGSYEARSACTIVE1984–PRESENT
The Fugs;acid_rock_artists;Labels;Folkways Records;THEFUGSLABELSFOLKWAYSRECORDS
The Fugs;acid_rock_artists;Labels;ESP-Disk;THEFUGSLABELSESP-DISK
The Fugs;acid_rock_artists;Labels;Fontana Records;THEFUGSLABELSFONTANARECORDS
The Fugs;acid_rock_artists;Labels;Reprise Records;THEFUGSLABELSREPRISERECORDS
The Fugs;acid_rock_artists;Labels;Transatlantic Records;THEFUGSLABELSTRANSATLANTICRECORDS
The Fugs;acid_rock_artists;Members;Ed Sanders;THEFUGSMEMBERSEDSANDERS
The Fugs;acid_rock_artists;Members;Steve Taylor;THEFUGSMEMBERSSTEVETAYLOR
The Fugs;acid_rock_artists;Members;Coby Batty;THEFUGSMEMBERSCOBYBATTY
The Fugs;acid_rock_artists;Members;Scott Petito;THEFUGSMEMBERSSCOTTPETITO
The Fugs;acid_rock_artists;Website;thefugs.com;THEFUGSWEBSITETHEFUGS.COM
Grateful Dead;acid_rock_artists;Also known as;The Warlocks;GRATEFULDEADALSOKNOWNASTHEWARLOCKS
Grateful Dead;acid_rock_artists;Origin;Palo Alto, California, U.S.;GRATEFULDEADORIGINPALOALTO,CALIFORNIA,U.S.
Grateful Dead;acid_rock_artists;Genres;Rock;GRATEFULDEADGENRESROCK
Grateful Dead;acid_rock_artists;Years active;1965–1995;GRATEFULDEADYEARSACTIVE1965–1995
Grateful Dead;acid_rock_artists;Labels;Warner Bros.;GRATEFULDEADLABELSWARNERBROS.
Grateful Dead;acid_rock_artists;Labels;Grateful Dead;GRATEFULDEADLABELSGRATEFULDEAD
Grateful Dead;acid_rock_artists;Labels;Arista;GRATEFULDEADLABELSARISTA
Grateful Dead;acid_rock_artists;Labels;Rhino;GRATEFULDEADLABELSRHINO
Grateful Dead;acid_rock_artists;Labels;Sunflower;GRATEFULDEADLABELSSUNFLOWER
Grateful Dead;acid_rock_artists;Labels;United Artists;GRATEFULDEADLABELSUNITEDARTISTS
Grateful Dead;acid_rock_artists;Spinoffs;The Other Ones;GRATEFULDEADSPINOFFSTHEOTHERONES
Grateful Dead;acid_rock_artists;Spinoffs;The Dead;GRATEFULDEADSPINOFFSTHEDEAD
Grateful Dead;acid_rock_artists;Spinoffs;Furthur;GRATEFULDEADSPINOFFSFURTHUR
Grateful Dead;acid_rock_artists;Spinoffs;Dead & Company;GRATEFULDEADSPINOFFSDEAD&COMPANY
Grateful Dead;acid_rock_artists;Spinoffs;New Riders of the Purple Sage;GRATEFULDEADSPINOFFSNEWRIDERSOFTHEPURPLESAGE
Grateful Dead;acid_rock_artists;Spinoffs;Old & In the Way;GRATEFULDEADSPINOFFSOLD&INTHEWAY
Grateful Dead;acid_rock_artists;Spinoffs;Legion of Mary;GRATEFULDEADSPINOFFSLEGIONOFMARY
Grateful Dead;acid_rock_artists;Spinoffs;Reconstruction;GRATEFULDEADSPINOFFSRECONSTRUCTION
Grateful Dead;acid_rock_artists;Spinoffs;Jerry Garcia Band;GRATEFULDEADSPINOFFSJERRYGARCIABAND
Grateful Dead;acid_rock_artists;Spinoffs;Jerry Garcia Acoustic Band;GRATEFULDEADSPINOFFSJERRYGARCIAACOUSTICBAND
Grateful Dead;acid_rock_artists;Spinoffs;Kingfish;GRATEFULDEADSPINOFFSKINGFISH
Grateful Dead;acid_rock_artists;Spinoffs;Bobby and the Midnites;GRATEFULDEADSPINOFFSBOBBYANDTHEMIDNITES
Grateful Dead;acid_rock_artists;Spinoffs;RatDog;GRATEFULDEADSPINOFFSRATDOG
Grateful Dead;acid_rock_artists;Spinoffs;Wolf Bros;GRATEFULDEADSPINOFFSWOLFBROS
Grateful Dead;acid_rock_artists;Spinoffs;Phil Lesh and Friends;GRATEFULDEADSPINOFFSPHILLESHANDFRIENDS
Grateful Dead;acid_rock_artists;Spinoffs;Rhythm Devils;GRATEFULDEADSPINOFFSRHYTHMDEVILS
Grateful Dead;acid_rock_artists;Spinoffs;Go Ahead;GRATEFULDEADSPINOFFSGOAHEAD
Grateful Dead;acid_rock_artists;Spinoffs;BK3;GRATEFULDEADSPINOFFSBK3
Grateful Dead;acid_rock_artists;Spinoffs;7 Walkers;GRATEFULDEADSPINOFFS7WALKERS
Grateful Dead;acid_rock_artists;Spinoffs;Billy & the Kids;GRATEFULDEADSPINOFFSBILLY&THEKIDS
Grateful Dead;acid_rock_artists;Spinoffs;Heart of Gold Band;GRATEFULDEADSPINOFFSHEARTOFGOLDBAND
Grateful Dead;acid_rock_artists;Spinoffs;Donna Jean Godchaux Band;GRATEFULDEADSPINOFFSDONNAJEANGODCHAUXBAND
Grateful Dead;acid_rock_artists;Spinoffs;Missing Man Formation;GRATEFULDEADSPINOFFSMISSINGMANFORMATION
Grateful Dead;acid_rock_artists;Past members;Jerry Garcia;GRATEFULDEADPASTMEMBERSJERRYGARCIA
Grateful Dead;acid_rock_artists;Past members;Bob Weir;GRATEFULDEADPASTMEMBERSBOBWEIR
Grateful Dead;acid_rock_artists;Past members;Phil Lesh;GRATEFULDEADPASTMEMBERSPHILLESH
Grateful Dead;acid_rock_artists;Past members;Bill Kreutzmann;GRATEFULDEADPASTMEMBERSBILLKREUTZMANN
Grateful Dead;acid_rock_artists;Past members;Mickey Hart;GRATEFULDEADPASTMEMBERSMICKEYHART
Grateful Dead;acid_rock_artists;Past members;"Ron ""Pigpen"" McKernan";"GRATEFULDEADPASTMEMBERSRON""PIGPEN""MCKERNAN"
Grateful Dead;acid_rock_artists;Past members;Robert Hunter;GRATEFULDEADPASTMEMBERSROBERTHUNTER
Grateful Dead;acid_rock_artists;Past members;John Perry Barlow;GRATEFULDEADPASTMEMBERSJOHNPERRYBARLOW
Grateful Dead;acid_rock_artists;Past members;Tom Constanten;GRATEFULDEADPASTMEMBERSTOMCONSTANTEN
Grateful Dead;acid_rock_artists;Past members;Keith Godchaux;GRATEFULDEADPASTMEMBERSKEITHGODCHAUX
Grateful Dead;acid_rock_artists;Past members;Donna Jean Godchaux;GRATEFULDEADPASTMEMBERSDONNAJEANGODCHAUX
Grateful Dead;acid_rock_artists;Past members;Brent Mydland;GRATEFULDEADPASTMEMBERSBRENTMYDLAND
Grateful Dead;acid_rock_artists;Past members;Vince Welnick;GRATEFULDEADPASTMEMBERSVINCEWELNICK
Grateful Dead;acid_rock_artists;Website;dead.net;GRATEFULDEADWEBSITEDEAD.NET
The Great Society;acid_rock_artists;Origin;San Francisco, California, U.S.;THEGREATSOCIETYORIGINSANFRANCISCO,CALIFORNIA,U.S.
The Great Society;acid_rock_artists;Genres;Psychedelic rock,[1] acid rock[2];THEGREATSOCIETYGENRESPSYCHEDELICROCK,[1]ACIDROCK[2]
The Great Society;acid_rock_artists;Years active;1965–1966;THEGREATSOCIETYYEARSACTIVE1965–1966
The Great Society;acid_rock_artists;Labels;Northbeach, Challenge, Columbia, Sundazed;THEGREATSOCIETYLABELSNORTHBEACH,CHALLENGE,COLUMBIA,SUNDAZED
The Great Society;acid_rock_artists;Past members;Darby Slick;THEGREATSOCIETYPASTMEMBERSDARBYSLICK
The Great Society;acid_rock_artists;Past members;Grace Slick;THEGREATSOCIETYPASTMEMBERSGRACESLICK
The Great Society;acid_rock_artists;Past members;Jerry Slick;THEGREATSOCIETYPASTMEMBERSJERRYSLICK
The Great Society;acid_rock_artists;Past members;Peter van Gelder;THEGREATSOCIETYPASTMEMBERSPETERVANGELDER
The Great Society;acid_rock_artists;Past members;David Miner;THEGREATSOCIETYPASTMEMBERSDAVIDMINER
The Great Society;acid_rock_artists;Past members;Bard Dupont;THEGREATSOCIETYPASTMEMBERSBARDDUPONT
The Great Society;acid_rock_artists;Past members;Oscar Daniels;THEGREATSOCIETYPASTMEMBERSOSCARDANIELS
The Great Society;acid_rock_artists;Past members;Jean Piersol;THEGREATSOCIETYPASTMEMBERSJEANPIERSOL
The Groundhogs;acid_rock_artists;Origin;England;THEGROUNDHOGSORIGINENGLAND
The Groundhogs;acid_rock_artists;Genres;Blues;THEGROUNDHOGSGENRESBLUES
The Groundhogs;acid_rock_artists;Genres;blues rock;THEGROUNDHOGSGENRESBLUESROCK
The Groundhogs;acid_rock_artists;Genres;acid rock;THEGROUNDHOGSGENRESACIDROCK
The Groundhogs;acid_rock_artists;Genres;progressive rock;THEGROUNDHOGSGENRESPROGRESSIVEROCK
The Groundhogs;acid_rock_artists;Years active;1963–2014;THEGROUNDHOGSYEARSACTIVE1963–2014
The Groundhogs;acid_rock_artists;Labels;Fire;THEGROUNDHOGSLABELSFIRE
The Groundhogs;acid_rock_artists;Labels;Liberty;THEGROUNDHOGSLABELSLIBERTY
The Groundhogs;acid_rock_artists;Labels;United Artists;THEGROUNDHOGSLABELSUNITEDARTISTS
The Groundhogs;acid_rock_artists;Members;Tony McPhee;THEGROUNDHOGSMEMBERSTONYMCPHEE
The Groundhogs;acid_rock_artists;Members;Dave Anderson;THEGROUNDHOGSMEMBERSDAVEANDERSON
The Groundhogs;acid_rock_artists;Members;Joanna Deacon;THEGROUNDHOGSMEMBERSJOANNADEACON
The Groundhogs;acid_rock_artists;Members;Carl Stokes;THEGROUNDHOGSMEMBERSCARLSTOKES
Hawkwind;acid_rock_artists;Also known as;Hawkwind Zoo, Sonic Assassins, Hawklords, Psychedelic Warriors, Group X, Hawkwind Light Orchestra, The Elves of Silbury Hill;HAWKWINDALSOKNOWNASHAWKWINDZOO,SONICASSASSINS,HAWKLORDS,PSYCHEDELICWARRIORS,GROUPX,HAWKWINDLIGHTORCHESTRA,THEELVESOFSILBURYHILL
Hawkwind;acid_rock_artists;Origin;Ladbroke Grove, London, England;HAWKWINDORIGINLADBROKEGROVE,LONDON,ENGLAND
Hawkwind;acid_rock_artists;Genres;Space rock[1];HAWKWINDGENRESSPACEROCK[1]
Hawkwind;acid_rock_artists;Genres;hard rock[1];HAWKWINDGENRESHARDROCK[1]
Hawkwind;acid_rock_artists;Genres;progressive rock[2];HAWKWINDGENRESPROGRESSIVEROCK[2]
Hawkwind;acid_rock_artists;Genres;psychedelic rock[3];HAWKWINDGENRESPSYCHEDELICROCK[3]
Hawkwind;acid_rock_artists;Genres;acid rock[4];HAWKWINDGENRESACIDROCK[4]
Hawkwind;acid_rock_artists;Genres;proto-punk[5];HAWKWINDGENRESPROTO-PUNK[5]
Hawkwind;acid_rock_artists;Years active;1969–present;HAWKWINDYEARSACTIVE1969–PRESENT
Hawkwind;acid_rock_artists;Labels;UA, Charisma, Bronze, RCA/Active, Flicknife, GWR, EBS, Voiceprint, Cherry Red;HAWKWINDLABELSUA,CHARISMA,BRONZE,RCA/ACTIVE,FLICKNIFE,GWR,EBS,VOICEPRINT,CHERRYRED
Hawkwind;acid_rock_artists;Spinoffs;Hawklords (1970s);HAWKWINDSPINOFFSHAWKLORDS(1970S)
Hawkwind;acid_rock_artists;Spinoffs;Hawklords (2000s);HAWKWINDSPINOFFSHAWKLORDS(2000S)
Hawkwind;acid_rock_artists;Spinoffs;Inner City Unit;HAWKWINDSPINOFFSINNERCITYUNIT
Hawkwind;acid_rock_artists;Spinoffs;Motörhead;HAWKWINDSPINOFFSMOTÖRHEAD
Hawkwind;acid_rock_artists;Spinoffs;Sonic Assassins;HAWKWINDSPINOFFSSONICASSASSINS
Hawkwind;acid_rock_artists;Spinoffs;Space Ritual;HAWKWINDSPINOFFSSPACERITUAL
Hawkwind;acid_rock_artists;Members;Dave Brock;HAWKWINDMEMBERSDAVEBROCK
Hawkwind;acid_rock_artists;Members;Richard Chadwick;HAWKWINDMEMBERSRICHARDCHADWICK
Hawkwind;acid_rock_artists;Members;Magnus Martin;HAWKWINDMEMBERSMAGNUSMARTIN
Hawkwind;acid_rock_artists;Members;Thighpaulsandra;HAWKWINDMEMBERSTHIGHPAULSANDRA
Hawkwind;acid_rock_artists;Members;Doug MacKinnon;HAWKWINDMEMBERSDOUGMACKINNON
Hawkwind;acid_rock_artists;Past members;See members article;HAWKWINDPASTMEMBERSSEEMEMBERSARTICLE
Hawkwind;acid_rock_artists;Website;hawkwind.com;HAWKWINDWEBSITEHAWKWIND.COM
Iron Butterfly;acid_rock_artists;Origin;San Diego, California, U.S.;IRONBUTTERFLYORIGINSANDIEGO,CALIFORNIA,U.S.
Iron Butterfly;acid_rock_artists;Genres;Acid rock[1][2];IRONBUTTERFLYGENRESACIDROCK[1][2]
Iron Butterfly;acid_rock_artists;Genres;hard rock[1];IRONBUTTERFLYGENRESHARDROCK[1]
Iron Butterfly;acid_rock_artists;Genres;psychedelic rock[3][1];IRONBUTTERFLYGENRESPSYCHEDELICROCK[3][1]
Iron Butterfly;acid_rock_artists;Genres;progressive rock[4];IRONBUTTERFLYGENRESPROGRESSIVEROCK[4]
Iron Butterfly;acid_rock_artists;Years active;1966–1971;IRONBUTTERFLYYEARSACTIVE1966–1971
Iron Butterfly;acid_rock_artists;Years active;1974–1985;IRONBUTTERFLYYEARSACTIVE1974–1985
Iron Butterfly;acid_rock_artists;Years active;1987–2012;IRONBUTTERFLYYEARSACTIVE1987–2012
Iron Butterfly;acid_rock_artists;Years active;2015–present;IRONBUTTERFLYYEARSACTIVE2015–PRESENT
Iron Butterfly;acid_rock_artists;Labels;Atco;IRONBUTTERFLYLABELSATCO
Iron Butterfly;acid_rock_artists;Labels;MCA;IRONBUTTERFLYLABELSMCA
Iron Butterfly;acid_rock_artists;Labels;Purple Pyramid;IRONBUTTERFLYLABELSPURPLEPYRAMID
Iron Butterfly;acid_rock_artists;Members;Eric Barnett;IRONBUTTERFLYMEMBERSERICBARNETT
Iron Butterfly;acid_rock_artists;Members;Martin Gerschwitz;IRONBUTTERFLYMEMBERSMARTINGERSCHWITZ
Iron Butterfly;acid_rock_artists;Members;Dave Meros;IRONBUTTERFLYMEMBERSDAVEMEROS
Iron Butterfly;acid_rock_artists;Members;Bernie Pershey;IRONBUTTERFLYMEMBERSBERNIEPERSHEY
Iron Butterfly;acid_rock_artists;Past members;"See ""Former members""";"IRONBUTTERFLYPASTMEMBERSSEE""FORMERMEMBERS"""
Iron Butterfly;acid_rock_artists;Website;ironbutterfly.com;IRONBUTTERFLYWEBSITEIRONBUTTERFLY.COM
Jefferson Airplane;acid_rock_artists;Origin;San Francisco, California, U.S.;JEFFERSONAIRPLANEORIGINSANFRANCISCO,CALIFORNIA,U.S.
Jefferson Airplane;acid_rock_artists;Genres;Psychedelic rock;JEFFERSONAIRPLANEGENRESPSYCHEDELICROCK
Jefferson Airplane;acid_rock_artists;Genres;acid rock;JEFFERSONAIRPLANEGENRESACIDROCK
Jefferson Airplane;acid_rock_artists;Genres;folk rock;JEFFERSONAIRPLANEGENRESFOLKROCK
Jefferson Airplane;acid_rock_artists;Years active;1965–1973, 1989, 1996;JEFFERSONAIRPLANEYEARSACTIVE1965–1973,1989,1996
Jefferson Airplane;acid_rock_artists;Labels;RCA Victor;JEFFERSONAIRPLANELABELSRCAVICTOR
Jefferson Airplane;acid_rock_artists;Labels;Grunt/RCA Records;JEFFERSONAIRPLANELABELSGRUNT/RCARECORDS
Jefferson Airplane;acid_rock_artists;Labels;Epic/CBS Records;JEFFERSONAIRPLANELABELSEPIC/CBSRECORDS
Jefferson Airplane;acid_rock_artists;Spinoffs;Jefferson Starship;JEFFERSONAIRPLANESPINOFFSJEFFERSONSTARSHIP
Jefferson Airplane;acid_rock_artists;Spinoffs;Hot Tuna;JEFFERSONAIRPLANESPINOFFSHOTTUNA
Jefferson Airplane;acid_rock_artists;Spinoffs;Starship;JEFFERSONAIRPLANESPINOFFSSTARSHIP
Jefferson Airplane;acid_rock_artists;Past members;Signe Toly Anderson;JEFFERSONAIRPLANEPASTMEMBERSSIGNETOLYANDERSON
Jefferson Airplane;acid_rock_artists;Past members;Marty Balin;JEFFERSONAIRPLANEPASTMEMBERSMARTYBALIN
Jefferson Airplane;acid_rock_artists;Past members;Bob Harvey;JEFFERSONAIRPLANEPASTMEMBERSBOBHARVEY
Jefferson Airplane;acid_rock_artists;Past members;Paul Kantner;JEFFERSONAIRPLANEPASTMEMBERSPAULKANTNER
Jefferson Airplane;acid_rock_artists;Past members;Jorma Kaukonen;JEFFERSONAIRPLANEPASTMEMBERSJORMAKAUKONEN
Jefferson Airplane;acid_rock_artists;Past members;Jerry Peloquin;JEFFERSONAIRPLANEPASTMEMBERSJERRYPELOQUIN
Jefferson Airplane;acid_rock_artists;Past members;Skip Spence;JEFFERSONAIRPLANEPASTMEMBERSSKIPSPENCE
Jefferson Airplane;acid_rock_artists;Past members;Jack Casady;JEFFERSONAIRPLANEPASTMEMBERSJACKCASADY
Jefferson Airplane;acid_rock_artists;Past members;Spencer Dryden;JEFFERSONAIRPLANEPASTMEMBERSSPENCERDRYDEN
Jefferson Airplane;acid_rock_artists;Past members;Grace Slick;JEFFERSONAIRPLANEPASTMEMBERSGRACESLICK
Jefferson Airplane;acid_rock_artists;Past members;Joey Covington;JEFFERSONAIRPLANEPASTMEMBERSJOEYCOVINGTON
Jefferson Airplane;acid_rock_artists;Past members;Papa John Creach;JEFFERSONAIRPLANEPASTMEMBERSPAPAJOHNCREACH
Jefferson Airplane;acid_rock_artists;Past members;John Barbata;JEFFERSONAIRPLANEPASTMEMBERSJOHNBARBATA
Jefferson Airplane;acid_rock_artists;Past members;David Freiberg;JEFFERSONAIRPLANEPASTMEMBERSDAVIDFREIBERG
Jefferson Airplane;acid_rock_artists;Website;www.jeffersonairplane.com;JEFFERSONAIRPLANEWEBSITEWWW.JEFFERSONAIRPLANE.COM
Jimi Hendrix;acid_rock_artists;Birth name;Johnny Allen Hendrix;JIMIHENDRIXBIRTHNAMEJOHNNYALLENHENDRIX
Jimi Hendrix;acid_rock_artists;Also known as;James Marshall Hendrix;JIMIHENDRIXALSOKNOWNASJAMESMARSHALLHENDRIX
Jimi Hendrix;acid_rock_artists;Born;(1942-11-27);JIMIHENDRIXBORN(1942-11-27)
Jimi Hendrix;acid_rock_artists;Born;November 27, 1942;JIMIHENDRIXBORNNOVEMBER27,1942
Jimi Hendrix;acid_rock_artists;Born;Seattle;JIMIHENDRIXBORNSEATTLE
Jimi Hendrix;acid_rock_artists;Born;, Washington, US;JIMIHENDRIXBORN,WASHINGTON,US
Jimi Hendrix;acid_rock_artists;Died;September 18, 1970;JIMIHENDRIXDIEDSEPTEMBER18,1970
Jimi Hendrix;acid_rock_artists;Died;(1970-09-18);JIMIHENDRIXDIED(1970-09-18)
Jimi Hendrix;acid_rock_artists;Died; (aged 27);JIMIHENDRIXDIED(AGED 27)
Jimi Hendrix;acid_rock_artists;Died;London, England;JIMIHENDRIXDIEDLONDON,ENGLAND
Jimi Hendrix;acid_rock_artists;Genres;Rock;JIMIHENDRIXGENRESROCK
Jimi Hendrix;acid_rock_artists;Genres;psychedelia;JIMIHENDRIXGENRESPSYCHEDELIA
Jimi Hendrix;acid_rock_artists;Genres;blues;JIMIHENDRIXGENRESBLUES
Jimi Hendrix;acid_rock_artists;Genres;R&B;JIMIHENDRIXGENRESR&B
Jimi Hendrix;acid_rock_artists;Occupation(s);Musician;JIMIHENDRIXOCCUPATION(S)MUSICIAN
Jimi Hendrix;acid_rock_artists;Occupation(s);songwriter;JIMIHENDRIXOCCUPATION(S)SONGWRITER
Jimi Hendrix;acid_rock_artists;Occupation(s);singer;JIMIHENDRIXOCCUPATION(S)SINGER
Jimi Hendrix;acid_rock_artists;Instrument(s);Guitar;JIMIHENDRIXINSTRUMENT(S)GUITAR
Jimi Hendrix;acid_rock_artists;Instrument(s);vocals;JIMIHENDRIXINSTRUMENT(S)VOCALS
Jimi Hendrix;acid_rock_artists;Years active;1962–1970;JIMIHENDRIXYEARSACTIVE1962–1970
Jimi Hendrix;acid_rock_artists;Labels;Sue;JIMIHENDRIXLABELSSUE
Jimi Hendrix;acid_rock_artists;Labels;PPX;JIMIHENDRIXLABELSPPX
Jimi Hendrix;acid_rock_artists;Labels;RSVP;JIMIHENDRIXLABELSRSVP
Jimi Hendrix;acid_rock_artists;Labels;Track;JIMIHENDRIXLABELSTRACK
Jimi Hendrix;acid_rock_artists;Labels;Barclay;JIMIHENDRIXLABELSBARCLAY
Jimi Hendrix;acid_rock_artists;Labels;Polydor;JIMIHENDRIXLABELSPOLYDOR
Jimi Hendrix;acid_rock_artists;Labels;Reprise;JIMIHENDRIXLABELSREPRISE
Jimi Hendrix;acid_rock_artists;Labels;Capitol;JIMIHENDRIXLABELSCAPITOL
Jimi Hendrix;acid_rock_artists;Formerly of;Curtis Knight and the Squires;JIMIHENDRIXFORMERLYOFCURTISKNIGHTANDTHESQUIRES
Jimi Hendrix;acid_rock_artists;Formerly of;Jimmy James and the Blue Flames;JIMIHENDRIXFORMERLYOFJIMMYJAMESANDTHEBLUEFLAMES
Jimi Hendrix;acid_rock_artists;Formerly of;The Jimi Hendrix Experience;JIMIHENDRIXFORMERLYOFTHEJIMIHENDRIXEXPERIENCE
Jimi Hendrix;acid_rock_artists;Formerly of;Band of Gypsys;JIMIHENDRIXFORMERLYOFBANDOFGYPSYS
Jimi Hendrix;acid_rock_artists;Website;jimihendrix.com;JIMIHENDRIXWEBSITEJIMIHENDRIX.COM
JPT Scare Band;acid_rock_artists;Origin;Kansas City, Missouri, United States;JPTSCAREBANDORIGINKANSASCITY,MISSOURI,UNITEDSTATES
JPT Scare Band;acid_rock_artists;Genres;Hard rock;JPTSCAREBANDGENRESHARDROCK
JPT Scare Band;acid_rock_artists;Genres;heavy metal;JPTSCAREBANDGENRESHEAVYMETAL
JPT Scare Band;acid_rock_artists;Genres;psychedelic rock;JPTSCAREBANDGENRESPSYCHEDELICROCK
JPT Scare Band;acid_rock_artists;Genres;acid rock[1];JPTSCAREBANDGENRESACIDROCK[1]
JPT Scare Band;acid_rock_artists;Genres;blues rock;JPTSCAREBANDGENRESBLUESROCK
JPT Scare Band;acid_rock_artists;Years active;1973–present;JPTSCAREBANDYEARSACTIVE1973–PRESENT
JPT Scare Band;acid_rock_artists;Labels;Ripple Music;JPTSCAREBANDLABELSRIPPLEMUSIC
JPT Scare Band;acid_rock_artists;Members;Terry Swope;JPTSCAREBANDMEMBERSTERRYSWOPE
JPT Scare Band;acid_rock_artists;Members;Paul Grigsby;JPTSCAREBANDMEMBERSPAULGRIGSBY
JPT Scare Band;acid_rock_artists;Members;Jeff Littrell;JPTSCAREBANDMEMBERSJEFFLITTRELL
Love;acid_rock_artists;Also known as;Love Revisited;LOVEALSOKNOWNASLOVEREVISITED
Love;acid_rock_artists;Also known as;The LOVE Band;LOVEALSOKNOWNASTHELOVEBAND
Love;acid_rock_artists;Origin;Los Angeles, California, U.S.;LOVEORIGINLOSANGELES,CALIFORNIA,U.S.
Love;acid_rock_artists;Genres;Psychedelic rock[1];LOVEGENRESPSYCHEDELICROCK[1]
Love;acid_rock_artists;Genres;folk rock[2];LOVEGENRESFOLKROCK[2]
Love;acid_rock_artists;Genres;acid rock[3];LOVEGENRESACIDROCK[3]
Love;acid_rock_artists;Genres;psychedelic pop[4];LOVEGENRESPSYCHEDELICPOP[4]
Love;acid_rock_artists;Years active;1965 (1965)–1996 (1996);LOVEYEARSACTIVE1965 (1965)–1996 (1996)
Love;acid_rock_artists;Years active;2002 (2002)–2005 (2005);LOVEYEARSACTIVE2002 (2002)–2005 (2005)
Love;acid_rock_artists;Years active;2009 (2009)–present;LOVEYEARSACTIVE2009 (2009)–PRESENT
Love;acid_rock_artists;Labels;Elektra;LOVELABELSELEKTRA
Love;acid_rock_artists;Labels;Blue Thumb;LOVELABELSBLUETHUMB
Love;acid_rock_artists;Labels;Harvest;LOVELABELSHARVEST
Love;acid_rock_artists;Labels;RSO;LOVELABELSRSO
Love;acid_rock_artists;Labels;Rhino;LOVELABELSRHINO
Love;acid_rock_artists;Labels;Sundazed;LOVELABELSSUNDAZED
Love;acid_rock_artists;Labels;Big Beat;LOVELABELSBIGBEAT
Love;acid_rock_artists;Members;Johnny Echols;LOVEMEMBERSJOHNNYECHOLS
Love;acid_rock_artists;Members;Mike Randle;LOVEMEMBERSMIKERANDLE
Love;acid_rock_artists;Members;David Green;LOVEMEMBERSDAVIDGREEN
Love;acid_rock_artists;Members;Rusty Squeezebox;LOVEMEMBERSRUSTYSQUEEZEBOX
Love;acid_rock_artists;Members;James Nolte;LOVEMEMBERSJAMESNOLTE
Love;acid_rock_artists;Past members;See members section;LOVEPASTMEMBERSSEEMEMBERSSECTION
Love;acid_rock_artists;Website;www.facebook.com/LOVErevisitedband/;LOVEWEBSITEWWW.FACEBOOK.COM/LOVEREVISITEDBAND/
MC5;acid_rock_artists;Also known as;Bounty Hunters;MC5ALSOKNOWNASBOUNTYHUNTERS
MC5;acid_rock_artists;Also known as;Motor City Five;MC5ALSOKNOWNASMOTORCITYFIVE
MC5;acid_rock_artists;Also known as;MC50;MC5ALSOKNOWNASMC50
MC5;acid_rock_artists;Origin;Lincoln Park, Michigan, U.S.;MC5ORIGINLINCOLNPARK,MICHIGAN,U.S.
MC5;acid_rock_artists;Genres;Hard rock[1];MC5GENRESHARDROCK[1]
MC5;acid_rock_artists;Genres;garage rock[2];MC5GENRESGARAGEROCK[2]
MC5;acid_rock_artists;Genres;proto-punk[3];MC5GENRESPROTO-PUNK[3]
MC5;acid_rock_artists;Genres;blues rock[4];MC5GENRESBLUESROCK[4]
MC5;acid_rock_artists;Years active;1963–1972, 1974–1975, 1992, 2003–2012, 2018, 2022–present;MC5YEARSACTIVE1963–1972,1974–1975,1992,2003–2012,2018,2022–PRESENT
MC5;acid_rock_artists;Labels;Elektra;MC5LABELSELEKTRA
MC5;acid_rock_artists;Labels;Atlantic;MC5LABELSATLANTIC
MC5;acid_rock_artists;Labels;Rhino;MC5LABELSRHINO
MC5;acid_rock_artists;Members;Wayne Kramer;MC5MEMBERSWAYNEKRAMER
MC5;acid_rock_artists;Members;Dennis Thompson;MC5MEMBERSDENNISTHOMPSON
MC5;acid_rock_artists;Past members;"Fred ""Sonic"" Smith";"MC5PASTMEMBERSFRED""SONIC""SMITH"
MC5;acid_rock_artists;Past members;Rob Tyner;MC5PASTMEMBERSROBTYNER
MC5;acid_rock_artists;Past members;Michael Davis;MC5PASTMEMBERSMICHAELDAVIS
MC5;acid_rock_artists;Past members;Leo LeDuc;MC5PASTMEMBERSLEOLEDUC
MC5;acid_rock_artists;Past members;Billy Vargo;MC5PASTMEMBERSBILLYVARGO
MC5;acid_rock_artists;Past members;Bob Gaspar;MC5PASTMEMBERSBOBGASPAR
MC5;acid_rock_artists;Past members;Patrick Burrows;MC5PASTMEMBERSPATRICKBURROWS
MC5;acid_rock_artists;Past members;"Steve ""Annapurna"" Moorhouse";"MC5PASTMEMBERSSTEVE""ANNAPURNA""MOORHOUSE"
MC5;acid_rock_artists;Past members;Derek Hughes;MC5PASTMEMBERSDEREKHUGHES
MC5;acid_rock_artists;Past members;Ray Craig;MC5PASTMEMBERSRAYCRAIG
MC5;acid_rock_artists;Past members;Ritchie Dharma;MC5PASTMEMBERSRITCHIEDHARMA
MC5;acid_rock_artists;Past members;Frank Lowenberg;MC5PASTMEMBERSFRANKLOWENBERG
MC5;acid_rock_artists;Past members;Bob Schultz;MC5PASTMEMBERSBOBSCHULTZ
MC5;acid_rock_artists;Past members;Mark Manko;MC5PASTMEMBERSMARKMANKO
MC5;acid_rock_artists;Past members;Tim Schafe;MC5PASTMEMBERSTIMSCHAFE
MC5;acid_rock_artists;Past members;Handsome Dick Manitoba;MC5PASTMEMBERSHANDSOMEDICKMANITOBA
MC5;acid_rock_artists;Past members;Kim Thayil;MC5PASTMEMBERSKIMTHAYIL
MC5;acid_rock_artists;Past members;Matt Cameron;MC5PASTMEMBERSMATTCAMERON
MC5;acid_rock_artists;Past members;Brendan Canty;MC5PASTMEMBERSBRENDANCANTY
MC5;acid_rock_artists;Past members;Doug Pinnick;MC5PASTMEMBERSDOUGPINNICK
MC5;acid_rock_artists;Past members;Marcus Durant;MC5PASTMEMBERSMARCUSDURANT
MC5;acid_rock_artists;Past members;Don Was;MC5PASTMEMBERSDONWAS
MC5;acid_rock_artists;Past members;Billy Gould;MC5PASTMEMBERSBILLYGOULD
Moby Grape;acid_rock_artists;Origin;San Francisco, California, U.S.;MOBYGRAPEORIGINSANFRANCISCO,CALIFORNIA,U.S.
Moby Grape;acid_rock_artists;Genres;Rock and roll[1];MOBYGRAPEGENRESROCKANDROLL[1]
Moby Grape;acid_rock_artists;Genres;psychedelic rock[2];MOBYGRAPEGENRESPSYCHEDELICROCK[2]
Moby Grape;acid_rock_artists;Genres;acid rock[3];MOBYGRAPEGENRESACIDROCK[3]
Moby Grape;acid_rock_artists;Genres;folk rock[4];MOBYGRAPEGENRESFOLKROCK[4]
Moby Grape;acid_rock_artists;Genres;country rock[5];MOBYGRAPEGENRESCOUNTRYROCK[5]
Moby Grape;acid_rock_artists;Years active;1966–1969;MOBYGRAPEYEARSACTIVE1966–1969
Moby Grape;acid_rock_artists;Years active;1971;MOBYGRAPEYEARSACTIVE1971
Moby Grape;acid_rock_artists;Years active;1973–1975;MOBYGRAPEYEARSACTIVE1973–1975
Moby Grape;acid_rock_artists;Years active;1977–1979;MOBYGRAPEYEARSACTIVE1977–1979
Moby Grape;acid_rock_artists;Years active;1983–1984;MOBYGRAPEYEARSACTIVE1983–1984
Moby Grape;acid_rock_artists;Years active;1987–1991;MOBYGRAPEYEARSACTIVE1987–1991
Moby Grape;acid_rock_artists;Years active;1996–2001;MOBYGRAPEYEARSACTIVE1996–2001
Moby Grape;acid_rock_artists;Years active;2006–present;MOBYGRAPEYEARSACTIVE2006–PRESENT
Moby Grape;acid_rock_artists;Labels;Columbia;MOBYGRAPELABELSCOLUMBIA
Moby Grape;acid_rock_artists;Labels;Reprise;MOBYGRAPELABELSREPRISE
Moby Grape;acid_rock_artists;Labels;Polydor;MOBYGRAPELABELSPOLYDOR
Moby Grape;acid_rock_artists;Labels;Legacy;MOBYGRAPELABELSLEGACY
Moby Grape;acid_rock_artists;Labels;Dig Music;MOBYGRAPELABELSDIGMUSIC
Moby Grape;acid_rock_artists;Labels;Sundazed;MOBYGRAPELABELSSUNDAZED
Moby Grape;acid_rock_artists;Labels;Escape Records;MOBYGRAPELABELSESCAPERECORDS
Moby Grape;acid_rock_artists;Members;Peter Lewis;MOBYGRAPEMEMBERSPETERLEWIS
Moby Grape;acid_rock_artists;Members;Jerry Miller;MOBYGRAPEMEMBERSJERRYMILLER
Moby Grape;acid_rock_artists;Members;Bob Mosley;MOBYGRAPEMEMBERSBOBMOSLEY
Moby Grape;acid_rock_artists;Past members;Skip Spence;MOBYGRAPEPASTMEMBERSSKIPSPENCE
Moby Grape;acid_rock_artists;Past members;Don Stevenson;MOBYGRAPEPASTMEMBERSDONSTEVENSON
Moby Grape;acid_rock_artists;Website;mobygrape.us;MOBYGRAPEWEBSITEMOBYGRAPE.US
The Music Machine;acid_rock_artists;Also known as;The Bonniwell Music Machine;THEMUSICMACHINEALSOKNOWNASTHEBONNIWELLMUSICMACHINE
The Music Machine;acid_rock_artists;Origin;Los Angeles, California, United States;THEMUSICMACHINEORIGINLOSANGELES,CALIFORNIA,UNITEDSTATES
The Music Machine;acid_rock_artists;Genres;Garage rock[1];THEMUSICMACHINEGENRESGARAGEROCK[1]
The Music Machine;acid_rock_artists;Genres;psychedelic rock[2];THEMUSICMACHINEGENRESPSYCHEDELICROCK[2]
The Music Machine;acid_rock_artists;Genres;acid rock[3];THEMUSICMACHINEGENRESACIDROCK[3]
The Music Machine;acid_rock_artists;Genres;proto-punk[4];THEMUSICMACHINEGENRESPROTO-PUNK[4]
The Music Machine;acid_rock_artists;Years active;1965–1969;THEMUSICMACHINEYEARSACTIVE1965–1969
The Music Machine;acid_rock_artists;Labels;Original Sound;THEMUSICMACHINELABELSORIGINALSOUND
The Music Machine;acid_rock_artists;Labels;Warner Bros.;THEMUSICMACHINELABELSWARNERBROS.
The Music Machine;acid_rock_artists;Labels;Bell;THEMUSICMACHINELABELSBELL
The Music Machine;acid_rock_artists;Past members;Sean Bonniwell (d. 2011);THEMUSICMACHINEPASTMEMBERSSEANBONNIWELL(D.2011)
The Music Machine;acid_rock_artists;Past members;Ron Edgar (d. 2015);THEMUSICMACHINEPASTMEMBERSRONEDGAR(D.2015)
The Music Machine;acid_rock_artists;Past members;Mark Landon;THEMUSICMACHINEPASTMEMBERSMARKLANDON
The Music Machine;acid_rock_artists;Past members;Keith Olsen (d. 2020);THEMUSICMACHINEPASTMEMBERSKEITHOLSEN(D.2020)
The Music Machine;acid_rock_artists;Past members;Doug Rhodes;THEMUSICMACHINEPASTMEMBERSDOUGRHODES
The Music Machine;acid_rock_artists;Website;bonniwellmusicmachine.com;THEMUSICMACHINEWEBSITEBONNIWELLMUSICMACHINE.COM
Quicksilver Messenger Service;acid_rock_artists;Also known as;Quicksilver;QUICKSILVERMESSENGERSERVICEALSOKNOWNASQUICKSILVER
Quicksilver Messenger Service;acid_rock_artists;Origin;San Francisco, California, U.S.;QUICKSILVERMESSENGERSERVICEORIGINSANFRANCISCO,CALIFORNIA,U.S.
Quicksilver Messenger Service;acid_rock_artists;Genres;Psychedelic rock[1];QUICKSILVERMESSENGERSERVICEGENRESPSYCHEDELICROCK[1]
Quicksilver Messenger Service;acid_rock_artists;Genres;acid rock[2];QUICKSILVERMESSENGERSERVICEGENRESACIDROCK[2]
Quicksilver Messenger Service;acid_rock_artists;Years active;1965–1979, 2006-2009;QUICKSILVERMESSENGERSERVICEYEARSACTIVE1965–1979,2006-2009
Quicksilver Messenger Service;acid_rock_artists;Years active;1984-1996 (Gary Duncan's Quicksilver);QUICKSILVERMESSENGERSERVICEYEARSACTIVE1984-1996(GARYDUNCAN'SQUICKSILVER)
Quicksilver Messenger Service;acid_rock_artists;Years active;2009–present (David Freiberg's Quicksilver Messenger Service);QUICKSILVERMESSENGERSERVICEYEARSACTIVE2009–PRESENT(DAVIDFREIBERG'SQUICKSILVERMESSENGERSERVICE)
Quicksilver Messenger Service;acid_rock_artists;Labels;Cleopatra, Capitol, Edsel;QUICKSILVERMESSENGERSERVICELABELSCLEOPATRA,CAPITOL,EDSEL
Quicksilver Messenger Service;acid_rock_artists;Formerly of;The Brogues;QUICKSILVERMESSENGERSERVICEFORMERLYOFTHEBROGUES
Quicksilver Messenger Service;acid_rock_artists;Members;David Freiberg;QUICKSILVERMESSENGERSERVICEMEMBERSDAVIDFREIBERG
Quicksilver Messenger Service;acid_rock_artists;Members;Chris Smith;QUICKSILVERMESSENGERSERVICEMEMBERSCHRISSMITH
Quicksilver Messenger Service;acid_rock_artists;Members;Linda Imperial;QUICKSILVERMESSENGERSERVICEMEMBERSLINDAIMPERIAL
Quicksilver Messenger Service;acid_rock_artists;Members;Donny Baldwin;QUICKSILVERMESSENGERSERVICEMEMBERSDONNYBALDWIN
Quicksilver Messenger Service;acid_rock_artists;Members;Peter Harris;QUICKSILVERMESSENGERSERVICEMEMBERSPETERHARRIS
Quicksilver Messenger Service;acid_rock_artists;Members;Jude Gold;QUICKSILVERMESSENGERSERVICEMEMBERSJUDEGOLD
Quicksilver Messenger Service;acid_rock_artists;Members;Steve Valverde;QUICKSILVERMESSENGERSERVICEMEMBERSSTEVEVALVERDE
Quicksilver Messenger Service;acid_rock_artists;Past members;Gary Duncan;QUICKSILVERMESSENGERSERVICEPASTMEMBERSGARYDUNCAN
Quicksilver Messenger Service;acid_rock_artists;Past members;John Cipollina;QUICKSILVERMESSENGERSERVICEPASTMEMBERSJOHNCIPOLLINA
Quicksilver Messenger Service;acid_rock_artists;Past members;Greg Elmore;QUICKSILVERMESSENGERSERVICEPASTMEMBERSGREGELMORE
Quicksilver Messenger Service;acid_rock_artists;Past members;Jim Murray;QUICKSILVERMESSENGERSERVICEPASTMEMBERSJIMMURRAY
Quicksilver Messenger Service;acid_rock_artists;Past members;Nicky Hopkins;QUICKSILVERMESSENGERSERVICEPASTMEMBERSNICKYHOPKINS
Quicksilver Messenger Service;acid_rock_artists;Past members;Dino Valenti;QUICKSILVERMESSENGERSERVICEPASTMEMBERSDINOVALENTI
Quicksilver Messenger Service;acid_rock_artists;Past members;Mark Naftalin;QUICKSILVERMESSENGERSERVICEPASTMEMBERSMARKNAFTALIN
Quicksilver Messenger Service;acid_rock_artists;Past members;Mark Ryan;QUICKSILVERMESSENGERSERVICEPASTMEMBERSMARKRYAN
Quicksilver Messenger Service;acid_rock_artists;Past members;Harold Aceves;QUICKSILVERMESSENGERSERVICEPASTMEMBERSHAROLDACEVES
Quicksilver Messenger Service;acid_rock_artists;Past members;Chuck Steaks;QUICKSILVERMESSENGERSERVICEPASTMEMBERSCHUCKSTEAKS
Quicksilver Messenger Service;acid_rock_artists;Past members;Roger Stanton;QUICKSILVERMESSENGERSERVICEPASTMEMBERSROGERSTANTON
Quicksilver Messenger Service;acid_rock_artists;Past members;Bob Flurie;QUICKSILVERMESSENGERSERVICEPASTMEMBERSBOBFLURIE
Quicksilver Messenger Service;acid_rock_artists;Past members;Michael Lewis;QUICKSILVERMESSENGERSERVICEPASTMEMBERSMICHAELLEWIS
Quicksilver Messenger Service;acid_rock_artists;Past members;Skip Olsen;QUICKSILVERMESSENGERSERVICEPASTMEMBERSSKIPOLSEN
Quicksilver Messenger Service;acid_rock_artists;Past members;Sammy Piazza;QUICKSILVERMESSENGERSERVICEPASTMEMBERSSAMMYPIAZZA
Quicksilver Messenger Service;acid_rock_artists;Past members;Bobby Vega;QUICKSILVERMESSENGERSERVICEPASTMEMBERSBOBBYVEGA
Quicksilver Messenger Service;acid_rock_artists;Past members;Greg Errico;QUICKSILVERMESSENGERSERVICEPASTMEMBERSGREGERRICO
Quicksilver Messenger Service;acid_rock_artists;Past members;John Bird;QUICKSILVERMESSENGERSERVICEPASTMEMBERSJOHNBIRD
Quicksilver Messenger Service;acid_rock_artists;Past members;Prairie Prince;QUICKSILVERMESSENGERSERVICEPASTMEMBERSPRAIRIEPRINCE
Quicksilver Messenger Service;acid_rock_artists;Past members;Keith Graves;QUICKSILVERMESSENGERSERVICEPASTMEMBERSKEITHGRAVES
Quicksilver Messenger Service;acid_rock_artists;Website;dfquicksilver.com;QUICKSILVERMESSENGERSERVICEWEBSITEDFQUICKSILVER.COM
Santana;acid_rock_artists;Also known as;Santana Blues Band (1966–1967);SANTANAALSOKNOWNASSANTANABLUESBAND(1966–1967)
Santana;acid_rock_artists;Origin;San Francisco, California, U.S.;SANTANAORIGINSANFRANCISCO,CALIFORNIA,U.S.
Santana;acid_rock_artists;Genres;Latin rock[1];SANTANAGENRESLATINROCK[1]
Santana;acid_rock_artists;Genres;blues rock[2];SANTANAGENRESBLUESROCK[2]
Santana;acid_rock_artists;Genres;psychedelic rock[3];SANTANAGENRESPSYCHEDELICROCK[3]
Santana;acid_rock_artists;Genres;acid rock[4];SANTANAGENRESACIDROCK[4]
Santana;acid_rock_artists;Genres;Chicano rock[5];SANTANAGENRESCHICANOROCK[5]
Santana;acid_rock_artists;Genres;jazz fusion[6];SANTANAGENRESJAZZFUSION[6]
Santana;acid_rock_artists;Genres;yacht rock[7][8][9];SANTANAGENRESYACHTROCK[7][8][9]
Santana;acid_rock_artists;Years active;1966–present;SANTANAYEARSACTIVE1966–PRESENT
Santana;acid_rock_artists;Labels;Columbia;SANTANALABELSCOLUMBIA
Santana;acid_rock_artists;Labels;Polydor;SANTANALABELSPOLYDOR
Santana;acid_rock_artists;Labels;Arista;SANTANALABELSARISTA
Santana;acid_rock_artists;Labels;RCA;SANTANALABELSRCA
Santana;acid_rock_artists;Labels;Legacy;SANTANALABELSLEGACY
Santana;acid_rock_artists;Labels;Concord;SANTANALABELSCONCORD
Santana;acid_rock_artists;Labels;Suretone;SANTANALABELSSURETONE
Santana;acid_rock_artists;Labels;Reprise;SANTANALABELSREPRISE
Santana;acid_rock_artists;Members;Carlos Santana;SANTANAMEMBERSCARLOSSANTANA
Santana;acid_rock_artists;Members;Tommy Anthony;SANTANAMEMBERSTOMMYANTHONY
Santana;acid_rock_artists;Members;Ray Greene;SANTANAMEMBERSRAYGREENE
Santana;acid_rock_artists;Members;David K. Mathews;SANTANAMEMBERSDAVIDK.MATHEWS
Santana;acid_rock_artists;Members;Paoli Mejías;SANTANAMEMBERSPAOLIMEJÍAS
Santana;acid_rock_artists;Members;Karl Perazzo;SANTANAMEMBERSKARLPERAZZO
Santana;acid_rock_artists;Members;Benny Rietveld;SANTANAMEMBERSBENNYRIETVELD
Santana;acid_rock_artists;Members;Cindy Blackman Santana;SANTANAMEMBERSCINDYBLACKMANSANTANA
Santana;acid_rock_artists;Members;Andy Vargas;SANTANAMEMBERSANDYVARGAS
Santana;acid_rock_artists;Past members;Neal Schon;SANTANAPASTMEMBERSNEALSCHON
Santana;acid_rock_artists;Past members;Gregg Rolie;SANTANAPASTMEMBERSGREGGROLIE
Santana;acid_rock_artists;Past members;Michael Shrieve;SANTANAPASTMEMBERSMICHAELSHRIEVE
Santana;acid_rock_artists;Past members;Michael Carabello;SANTANAPASTMEMBERSMICHAELCARABELLO
Santana;acid_rock_artists;Past members;David Brown;SANTANAPASTMEMBERSDAVIDBROWN
Santana;acid_rock_artists;Past members;"José ""Chepito"" Areas";"SANTANAPASTMEMBERSJOSÉ""CHEPITO""AREAS"
Santana;acid_rock_artists;Past members;(see Personnel section for others);SANTANAPASTMEMBERS(SEEPERSONNELSECTIONFOROTHERS)
Santana;acid_rock_artists;Website;santana.com;SANTANAWEBSITESANTANA.COM
The Seeds;acid_rock_artists;Origin;Los Angeles, California, United States;THESEEDSORIGINLOSANGELES,CALIFORNIA,UNITEDSTATES
The Seeds;acid_rock_artists;Genres;Psychedelic rock[1];THESEEDSGENRESPSYCHEDELICROCK[1]
The Seeds;acid_rock_artists;Genres;acid rock[2];THESEEDSGENRESACIDROCK[2]
The Seeds;acid_rock_artists;Genres;garage rock;THESEEDSGENRESGARAGEROCK
The Seeds;acid_rock_artists;Genres;proto-punk;THESEEDSGENRESPROTO-PUNK
The Seeds;acid_rock_artists;Years active;1965–1969, 1969–1972 (as Sky Saxon and the Seeds), 1989, 2003–2009, 2017–present (as Daryl Hooper and the Seeds);THESEEDSYEARSACTIVE1965–1969,1969–1972(ASSKYSAXONANDTHESEEDS),1989,2003–2009,2017–PRESENT(ASDARYLHOOPERANDTHESEEDS)
The Seeds;acid_rock_artists;Labels;GNP Crescendo, MGM Records, Bam Caruso;THESEEDSLABELSGNPCRESCENDO,MGMRECORDS,BAMCARUSO
The Seeds;acid_rock_artists;Members;Daryl Hooper;THESEEDSMEMBERSDARYLHOOPER
The Seeds;acid_rock_artists;Members;Alec Palao;THESEEDSMEMBERSALECPALAO
The Seeds;acid_rock_artists;Members;Paul Kopf;THESEEDSMEMBERSPAULKOPF
The Seeds;acid_rock_artists;Members;Mark Belgraph;THESEEDSMEMBERSMARKBELGRAPH
The Seeds;acid_rock_artists;Members;Justin Smith;THESEEDSMEMBERSJUSTINSMITH
The Seeds;acid_rock_artists;Past members;Sky Saxon;THESEEDSPASTMEMBERSSKYSAXON
The Seeds;acid_rock_artists;Past members;Daryl Hooper;THESEEDSPASTMEMBERSDARYLHOOPER
The Seeds;acid_rock_artists;Past members;Jan Savage;THESEEDSPASTMEMBERSJANSAVAGE
The Seeds;acid_rock_artists;Past members;Rick Andridge;THESEEDSPASTMEMBERSRICKANDRIDGE
The Seeds;acid_rock_artists;Past members;Don Boomer;THESEEDSPASTMEMBERSDONBOOMER
The Seeds;acid_rock_artists;Past members;Bob Norsoph;THESEEDSPASTMEMBERSBOBNORSOPH
The Seeds;acid_rock_artists;Past members;Bill Chiapparelli;THESEEDSPASTMEMBERSBILLCHIAPPARELLI
The Seeds;acid_rock_artists;Past members;Jeff Prentice;THESEEDSPASTMEMBERSJEFFPRENTICE
The Seeds;acid_rock_artists;Past members;Rik Collins;THESEEDSPASTMEMBERSRIKCOLLINS
The Seeds;acid_rock_artists;Past members;Mark Bellgraph;THESEEDSPASTMEMBERSMARKBELLGRAPH
The Seeds;acid_rock_artists;Past members;Dave Klein;THESEEDSPASTMEMBERSDAVEKLEIN
The Seeds;acid_rock_artists;Past members;Justin Polimeni;THESEEDSPASTMEMBERSJUSTINPOLIMENI
The Seeds;acid_rock_artists;Past members;Jeremy Levine;THESEEDSPASTMEMBERSJEREMYLEVINE
The Seeds;acid_rock_artists;Past members;Harvey Sharpe;THESEEDSPASTMEMBERSHARVEYSHARPE
The Seeds;acid_rock_artists;Past members;Jimmy Valentine;THESEEDSPASTMEMBERSJIMMYVALENTINE
The Seeds;acid_rock_artists;Past members;Sean M'Lady;THESEEDSPASTMEMBERSSEANM'LADY
The Seeds;acid_rock_artists;Past members;Dave Walle;THESEEDSPASTMEMBERSDAVEWALLE
The Seeds;acid_rock_artists;Past members;Tommy Gunn;THESEEDSPASTMEMBERSTOMMYGUNN
The Seeds;acid_rock_artists;Past members;Christopher Robin;THESEEDSPASTMEMBERSCHRISTOPHERROBIN
The Seeds;acid_rock_artists;Past members;Gary Stern;THESEEDSPASTMEMBERSGARYSTERN
The Seeds;acid_rock_artists;Past members;Don Bolles;THESEEDSPASTMEMBERSDONBOLLES
The Seeds;acid_rock_artists;Past members;Geoff Brandin;THESEEDSPASTMEMBERSGEOFFBRANDIN
The Seeds;acid_rock_artists;Past members;Kevin Dippold;THESEEDSPASTMEMBERSKEVINDIPPOLD
The Seeds;acid_rock_artists;Past members;Atomic;THESEEDSPASTMEMBERSATOMIC
The Seeds;acid_rock_artists;Past members;Justino;THESEEDSPASTMEMBERSJUSTINO
Steppenwolf;acid_rock_artists;Origin;Los Angeles, California, U.S.[1][2];STEPPENWOLFORIGINLOSANGELES,CALIFORNIA,U.S.[1][2]
Steppenwolf;acid_rock_artists;Genres;Psychedelic rock;STEPPENWOLFGENRESPSYCHEDELICROCK
Steppenwolf;acid_rock_artists;Genres;blues rock[3];STEPPENWOLFGENRESBLUESROCK[3]
Steppenwolf;acid_rock_artists;Genres;acid rock;STEPPENWOLFGENRESACIDROCK
Steppenwolf;acid_rock_artists;Genres;hard rock[4];STEPPENWOLFGENRESHARDROCK[4]
Steppenwolf;acid_rock_artists;Years active;1967–1972;STEPPENWOLFYEARSACTIVE1967–1972
Steppenwolf;acid_rock_artists;Years active;1974–1976;STEPPENWOLFYEARSACTIVE1974–1976
Steppenwolf;acid_rock_artists;Years active;1980–2018;STEPPENWOLFYEARSACTIVE1980–2018
Steppenwolf;acid_rock_artists;Labels;ABC Dunhill;STEPPENWOLFLABELSABCDUNHILL
Steppenwolf;acid_rock_artists;Labels;Mums;STEPPENWOLFLABELSMUMS
Steppenwolf;acid_rock_artists;Labels;Epic;STEPPENWOLFLABELSEPIC
Steppenwolf;acid_rock_artists;Labels;MCA;STEPPENWOLFLABELSMCA
Steppenwolf;acid_rock_artists;Spinoff of;The Sparrows;STEPPENWOLFSPINOFFOFTHESPARROWS
Steppenwolf;acid_rock_artists;Past members;List;STEPPENWOLFPASTMEMBERSLIST
Steppenwolf;acid_rock_artists;Website;steppenwolf.com;STEPPENWOLFWEBSITESTEPPENWOLF.COM
Tully;acid_rock_artists;Origin;Sydney, Australia;TULLYORIGINSYDNEY,AUSTRALIA
Tully;acid_rock_artists;Genres;Progressive rock;TULLYGENRESPROGRESSIVEROCK
Tully;acid_rock_artists;Genres;psychedelic rock;TULLYGENRESPSYCHEDELICROCK
Tully;acid_rock_artists;Genres;acid rock[1];TULLYGENRESACIDROCK[1]
Tully;acid_rock_artists;Years active;1968–1972, 1976–1978;TULLYYEARSACTIVE1968–1972,1976–1978
Tully;acid_rock_artists;Labels;EMI Records;TULLYLABELSEMIRECORDS
Tully;acid_rock_artists;Past members;Colin Campbell (guitar) 1971-72;TULLYPASTMEMBERSCOLINCAMPBELL(GUITAR)1971-72
Tully;acid_rock_artists;Past members;Michael Carlos;TULLYPASTMEMBERSMICHAELCARLOS
Tully;acid_rock_artists;Past members; (keyboards);TULLYPASTMEMBERS(KEYBOARDS)
Tully;acid_rock_artists;Past members;Graham Conlan (bass) 1969;TULLYPASTMEMBERSGRAHAMCONLAN(BASS)1969
Tully;acid_rock_artists;Past members;Richard Lockwood;TULLYPASTMEMBERSRICHARDLOCKWOOD
Tully;acid_rock_artists;Past members; (flute, sax, clarinet, piano) 1968-72;TULLYPASTMEMBERS(FLUTE,SAX,CLARINET,PIANO)1968-72
Tully;acid_rock_artists;Past members;John Blake (bass) 1968-69;TULLYPASTMEMBERSJOHNBLAKE(BASS)1968-69
Tully;acid_rock_artists;Past members;Ken Firth (bass) 1970-72;TULLYPASTMEMBERSKENFIRTH(BASS)1970-72
Tully;acid_rock_artists;Past members;Shayna (Karlin) Stewart (vocals) 1971-72;TULLYPASTMEMBERSSHAYNA(KARLIN)STEWART(VOCALS)1971-72
Tully;acid_rock_artists;Past members;Robert Taylor (drums) 1968-78;TULLYPASTMEMBERSROBERTTAYLOR(DRUMS)1968-78
Tully;acid_rock_artists;Past members;Murray Wilkins (bass) 1969;TULLYPASTMEMBERSMURRAYWILKINS(BASS)1969
Tully;acid_rock_artists;Past members;Terry Wilson (vocals, guitar, flute) 1968-70;TULLYPASTMEMBERSTERRYWILSON(VOCALS,GUITAR,FLUTE)1968-70
Tully;acid_rock_artists;Past members;"Andrew ""Frizby"" Thursby-Pelham(guitar) 1976-78";"TULLYPASTMEMBERSANDREW""FRIZBY""THURSBY-PELHAM(GUITAR)1976-78"
Tully;acid_rock_artists;Past members;"John ""Bass"" Walton(bass) 1976-78";"TULLYPASTMEMBERSJOHN""BASS""WALTON(BASS)1976-78"
Tully;acid_rock_artists;Past members;Bill Tahana(vocals) 1977;TULLYPASTMEMBERSBILLTAHANA(VOCALS)1977
Tully;acid_rock_artists;Website;www.tullymusic.com;TULLYWEBSITEWWW.TULLYMUSIC.COM
Vanilla Fudge;acid_rock_artists;Origin;Long Island, New York, U.S.;VANILLAFUDGEORIGINLONGISLAND,NEWYORK,U.S.
Vanilla Fudge;acid_rock_artists;Genres;Psychedelic rock[1];VANILLAFUDGEGENRESPSYCHEDELICROCK[1]
Vanilla Fudge;acid_rock_artists;Genres;acid rock[2];VANILLAFUDGEGENRESACIDROCK[2]
Vanilla Fudge;acid_rock_artists;Genres;hard rock[3];VANILLAFUDGEGENRESHARDROCK[3]
Vanilla Fudge;acid_rock_artists;Genres;proto-prog[4];VANILLAFUDGEGENRESPROTO-PROG[4]
Vanilla Fudge;acid_rock_artists;Years active;1967–1970;VANILLAFUDGEYEARSACTIVE1967–1970
Vanilla Fudge;acid_rock_artists;Years active;1982–1984;VANILLAFUDGEYEARSACTIVE1982–1984
Vanilla Fudge;acid_rock_artists;Years active;1987–1988;VANILLAFUDGEYEARSACTIVE1987–1988
Vanilla Fudge;acid_rock_artists;Years active;1991;VANILLAFUDGEYEARSACTIVE1991
Vanilla Fudge;acid_rock_artists;Years active;1999–present;VANILLAFUDGEYEARSACTIVE1999–PRESENT
Vanilla Fudge;acid_rock_artists;Labels;Atco;VANILLAFUDGELABELSATCO
Vanilla Fudge;acid_rock_artists;Labels;Rhino;VANILLAFUDGELABELSRHINO
Vanilla Fudge;acid_rock_artists;Labels;WorldSound;VANILLAFUDGELABELSWORLDSOUND
Vanilla Fudge;acid_rock_artists;Labels;Escapi;VANILLAFUDGELABELSESCAPI
Vanilla Fudge;acid_rock_artists;Labels;Cleopatra;VANILLAFUDGELABELSCLEOPATRA
Vanilla Fudge;acid_rock_artists;Labels;Golden Robot Records;VANILLAFUDGELABELSGOLDENROBOTRECORDS
Vanilla Fudge;acid_rock_artists;Members;Mark Stein;VANILLAFUDGEMEMBERSMARKSTEIN
Vanilla Fudge;acid_rock_artists;Members;Vince Martell;VANILLAFUDGEMEMBERSVINCEMARTELL
Vanilla Fudge;acid_rock_artists;Members;Carmine Appice;VANILLAFUDGEMEMBERSCARMINEAPPICE
Vanilla Fudge;acid_rock_artists;Members;Pete Bremy;VANILLAFUDGEMEMBERSPETEBREMY
Vanilla Fudge;acid_rock_artists;Past members;Tim Bogert;VANILLAFUDGEPASTMEMBERSTIMBOGERT
Vanilla Fudge;acid_rock_artists;Website;vanillafudge.com;VANILLAFUDGEWEBSITEVANILLAFUDGE.COM
Wooden Shjips;acid_rock_artists;Origin;San Francisco, United States;WOODENSHJIPSORIGINSANFRANCISCO,UNITEDSTATES
Wooden Shjips;acid_rock_artists;Genres;Psychedelic rock;WOODENSHJIPSGENRESPSYCHEDELICROCK
Wooden Shjips;acid_rock_artists;Genres;space rock;WOODENSHJIPSGENRESSPACEROCK
Wooden Shjips;acid_rock_artists;Genres;shoegaze;WOODENSHJIPSGENRESSHOEGAZE
Wooden Shjips;acid_rock_artists;Genres;experimental rock;WOODENSHJIPSGENRESEXPERIMENTALROCK
Wooden Shjips;acid_rock_artists;Genres;alternative rock;WOODENSHJIPSGENRESALTERNATIVEROCK
Wooden Shjips;acid_rock_artists;Years active;2006–present;WOODENSHJIPSYEARSACTIVE2006–PRESENT
Wooden Shjips;acid_rock_artists;Labels;Holy Mountain;WOODENSHJIPSLABELSHOLYMOUNTAIN
Wooden Shjips;acid_rock_artists;Labels;Thrill Jockey;WOODENSHJIPSLABELSTHRILLJOCKEY
Wooden Shjips;acid_rock_artists;Members;"Erik ""Ripley"" Johnson";"WOODENSHJIPSMEMBERSERIK""RIPLEY""JOHNSON"
Wooden Shjips;acid_rock_artists;Members;Dusty Jermier;WOODENSHJIPSMEMBERSDUSTYJERMIER
Wooden Shjips;acid_rock_artists;Members;Nash Whalen;WOODENSHJIPSMEMBERSNASHWHALEN
Wooden Shjips;acid_rock_artists;Members;Omar Ahsanuddin;WOODENSHJIPSMEMBERSOMARAHSANUDDIN
Wooden Shjips;acid_rock_artists;Website;Official website;WOODENSHJIPSWEBSITEOFFICIALWEBSITE
