full_pk;rock_artist_tags;members_tags
KERRANG!KERRANG!TOCYCLETODOWNLOADWITHHEAVYMETALTRUANTSTORAISEMONEY…;[];[]
KERRANG!WATERPARKSTEASEFIFTHALBUM,WHICHIS“80PERCENTDONE”—KERRANG!;[];[]
KERRANG!POLYPHIATEAMUPWITHSOPHIABLACKFORNEWSINGLEABC;[];[]
KERRANG!THEFIRSTDAYOFWHENWEWEREYOUNGHASBEENCANCELLED;[];[]
KERRANG!LISTEN:BUSHSHARENEWSINGLE,HEAVYISTHEOCEAN;[];[]
KERRANG!“IWANTEDITTOLOOKLIKEEMOSHAMELESSORST.TRINIAN’SONACID”:…;[];[]
KERRANG!KIDSINGLASSHOUSESANNOUNCESMARTCASUALANNIVERSARYTOUR;[];[]
KERRANG!WATCH:SPIRITWORLDSHARERELICOFDAMNATION,THECONCLUSIONTOTHEIR…;[];[]
KERRANG!NORMAJEANANNOUNCENEWALBUMDEATHRATTLESINGFORME;[];[]
"KERRANG!CYPRESSHILLCONFIRM10THALBUMBACKINBLACK;DROPNEWSINGLEBYEBYE—KERRANG!";[];[]
KERRANG!JOKER2:SEETHEFIRSTIMAGEOFLADYGAGAINCHARACTER;[];[]
KERRANG!WITCHFEVERANNOUNCEDEBUTALBUMCONGREGATION,SHARETITLE-TRACK;[];[]
KERRANG!WATCH:DAVEGROHLFINALLYAPPEARSONHOTONESAFTERBECOMINGONEOFTHEIR“MOST-REQUESTEDGUESTSOFALL-TIME”—KERRANG!;[];[]
KERRANG!BLEEDFROMWITHINUNLEASHEPIC,INTENSENEWSINGLE,THEWILLTORESIST;[];[]
KERRANG!MOTHERVULTUREANNOUNCEUKTOUR:“THISISTHEBIGONE,ANDWEARE…;[];[]
KERRANG!HERE'STHEINCREDIBLESETLISTANDALLTHESPECIALGUESTSFROMTHE…;[];[]
KERRANG!WATCHTHENEWTRAILERFORFANTASTICBEASTS:THESECRETSOFDUMBLEDORE—KERRANG!;[];[]
KERRANG!ARCHITECTSANNOUNCEINTIMATEHOMETOWNSHOWTOCELEBRATENEWALBUM;['Architects'];[]
KERRANG!WITHCONFIDENCEANNOUNCEFINALLIVESHOWS:“THANKYOUFOREVERYTHING”;[];[]
KERRANG!YOUCANLISTENTOTHENEWWEEZERSINGLE… BUTONLYBYBECOMINGA…;[];[]
KERRANG!BULLETFORMYVALENTINEUNLEASHOMENFROMNEWDELUXESELF-TITLEDALBUM;[];[]
KERRANG!WATCHOZZYOSBOURNE’SNFLHALFTIMEPERFORMANCE;[];[]
KERRANG!THEORIGINALMISFITSANNOUNCEONLYHEADLINESHOWOF2022;['Alice Cooper'];['Alice Cooper']
KERRANG!DEAFHAVANASHARESENTIMENTALNEWSINGLE,KIDS—KERRANG!;[];[]
KERRANG!SCENEQUEENANNOUNCESNORTHAMERICAN2023BIMBOBETAPITOUR;[];[]
KERRANG!SIMPLEPLANLAUNCHUKRAINEFUNDRAISERWITHNEWVIDEO,WAKEMEUP…;[];[]
KERRANG!MÅNESKINANNOUNCENEWSINGLEFEATURINGTOMMORELLO;[];[]
KERRANG!LISTENTOCRAWLERS’ANTHEMICNEWSINGLEIDON’TWANTIT;[];[]
KERRANG!MOTHICADROPSPOWERFULNEWSINGLECASUALTY:“IDIDN’TWANTTOLETTHESEINHERITEDDESTRUCTIVEDISEASESCONTROLMEANYMORE”—KERRANG!;[];[]
KERRANG!THERAPY?ANNOUNCENEWALBUM,HARDCOLDFIRE;[];[]
KERRANG!SIMONNEIL’SNEWSIDE-PROJECTEMPIRESTATEBASTARDANNOUNCEFIRSTSHOW;[];[]
KERRANG!PARAMORECONDEMN“VIOLENCE,HOMOPHOBIAORBIGOTRYOFANYKIND”…;[];[]
KERRANG!SOPHIEPOWERSUNVEILSEMPOWERINGNEWSINGLEULOVEIT—KERRANG!;[];[]
KERRANG!MEETME@THEALTARWILLRELEASETHEIRDEBUTALBUMTHISYEAR—KERRANG!;[];[]
KERRANG!KERRANG!PARTNERWITHMUSICVENUETRUSTFORCONJURERHEADLINETOUR;[];[]
KERRANG!SUGARHORSEANNOUNCEEPFEATURINGMEMBERSOFHERIOT,IDLES,CONJURER…;[];[]
KERRANG!SVALBARDRELEASENEWVIDEOFORHOWTOSWIMDOWN;[];[]
KERRANG!LAMBOFGODANNOUNCEU.S.SHOWSWITHICENINEKILLS,SUICIDESILENCE…;[];[]
KERRANG!DISNEY+ANDHULUCONFIRMDANNYBOYLE-DIRECTEDSEXPISTOLSSERIES…;['Angel Witch'];['Steve Jones']
KERRANG!THEWONDERYEARSCELEBRATE10YEARSOFTHEGREATESTGENERATIONWITH…;[];[]
KERRANG!AVENGEDSEVENFOLDANNOUNCESECONDLEGOF2023NORTHAMERICANTOUR;['Avenged Sevenfold'];[]
KERRANG!LØLØHITSBACKAT“SOMEONEWHOREALLYHURTMYFEELINGS”WITHNEW…;[];[]
KERRANG!JAZMINBEANRELEASESVULNERABLEYETCATHARTICNEWSINGLEFAVOURITETOY;[];[]
KERRANG!JAWBREAKERANNOUNCEU.S.TOURWITHJOYCEMANORANDGRUMPSTER;[];[]
KERRANG!KENNYHOOPLAANDTRAVISBARKERDROPNEWSINGLE,SABOTAGE//;[];[]
KERRANG!LISTENTOSANFRANCISCOPUNKSSPIRITUALCRAMP’SFIRSTNEWSINGLE…;[];[]
KERRANG!SPIRITBOXANNOUNCEETERNALBLUEGRAPHICNOVELWITHZ2COMICS—KERRANG!;[];[]
KERRANG!SLAMDUNKANNOUNCESTAGESPLITSFOR2022;['Alexisonfire'];[]
KERRANG!†††(CROSSES)AREBACKWITHTWONEWSINGLES,INITIATIONANDPROTECTION;[];[]
KERRANG!HO99O9ANNOUNCENEWALBUMSKIN,DROPOPENERNUGESNIGHT—KERRANG!;[];[]
KERRANG!WATCH:MAGNOLIAPARKTEAMUPWITHDEREKSANDERSFORNEWSINGLEFEEL…;[];[]
KERRANG!SLAMDUNKANNOUNCEFESTIVALSINITALYANDFRANCEWITHTHEOFFSPRING,…;[];[]
KERRANG!THEGASLIGHTANTHEMHAVERELEASEDTHEIRFIRSTNEWSONGINALMOSTA…;[];[]
KERRANG!KORNANDHIPDOTUNVEILFOLLOWTHELEADERMAKE-UPPALETTE;[];[]
KERRANG!HERE’STHEINCREDIBLESETLISTFROMGREENDAY’STINYLOLLAPALOOZA…;[];[]
KERRANG!GREENDAYANNOUNCEMASSIVENIMRODANNIVERSARYEDITION,STREAM…;[];[]
KERRANG!WATCH:BMTHPERFORMDIAMONDSAREN’TFOREVERWITHBRYANGARRIS;[];[]
KERRANG!BEABADOOBEEANNOUNCESNEWSINGLE,THEWAYTHINGSGO;[];[]
KERRANG!WILLHAVENDROP5OFFIREFROMUPCOMINGALBUMVII;[];[]
KERRANG!MALEVOLENCEDROPAGGRESSIVENEWSINGLE,LIFESENTENCE;[];[]
KERRANG!DEFTONES’STEFCARPENTERTOSITOUTOFUK/EUROPEANTOUR:“I’MJUST…;[];[]
KERRANG!GREENDAYANNOUNCEDOOKIE30THANNIVERSARYDELUXEREISSUE;[];[]
KERRANG!POPPYTEASESEPAFTERDEBUTINGNEWSINGLEATREADING&LEEDS;[];[]
KERRANG!SKINDREDANNOUNCE2024SHOWS,INCLUDINGBIGGEST-EVERHEADLINEDATEAT…;[];[]
KERRANG!WATCHWILLRAMOS’ONE-TAKEPERFORMANCEOFOLDLORNASHORESONG…;[];[]
KERRANG!DISNEY+HAVESLIGHTLYPUSHEDBACKTHEOBI-WANKENOBIRELEASEDATE;[];[]
KERRANG!STATICDRESSUNVEILSTUNNINGNEWVERSIONOFSUCH.A.SHAME;[];[]
KERRANG!HONEYREVENGESHARENEWSINGLEANDVIDEO,AREYOUIMPRESSED?;[];[]
KERRANG!WATCHTHEVIDEOFORDE’WAYNEANDPOORSTACY’SHUGENEWSINGLEDIEOUT…;[];[]
KERRANG!WATCH:TURNSTILECRUSHJIMMYKIMMELLIVE!PERFORMANCE—KERRANG!;[];[]
KERRANG!KINGISISDROPSNEWSINGLETASTEOFUFROMUPCOMINGDEBUTEP;[];[]
KERRANG!DAVEGROHLJOINSPAULMCCARTNEYATGLASTONBURYFORFIRSTPERFORMANCE…;[];[]
KERRANG!HOLLYWOODUNDEADANDJELLYROLLTEAMUPONNEWTUNE,HOUSEOFMIRRORS;[];[]
KERRANG!FIDDLEHEADANNOUNCENEWALBUM,DEATHISNOTHINGTOUS;[];[]
KERRANG!3TEETHANNOUNCENEWALBUMENDEX;[];[]
KERRANG!AVENGEDSEVENFOLD’SNEWALBUMIS“90PERCENT”DONEASTHEYFINALLYRECORDORCHESTRALPARTS—KERRANG!;['Avenged Sevenfold'];['Brooks Wackerman']
KERRANG!GRETAVANFLEETANNOUNCENEWALBUMSTARCATCHER,RELEASELEADSINGLE;[];[]
KERRANG!BOTCHRELEASEFIRSTNEWSONGIN20YEARS;[];[]
KERRANG!PROPER.ANNOUNCENEWFIVE-TRACKEP;[];[]
KERRANG!WATCHTHEHORRIFYINGNEWRED-BANDTRAILERFOREVILDEADRISE;[];[]
KERRANG!TURNSTILEANNOUNCEBIGGESTUKHEADLINESHOWTODATE;[];[]
KERRANG!PARAMOREANNOUNCENORTHAMERICANTOURWITHBLOCPARTY,FOALSANDMORE;[];[]
KERRANG!HALSEYAPPROACHINGNEWALBUMWITH“NOSTRICTGENREPARAMETERS”;[];[]
KERRANG!HERE’SHOLDINGABSENCE’SSETLISTFROMTHEFIRSTNIGHTOFTHEIRUKTOUR;[];[]
KERRANG!GETYOURLIMITED-EDITIONBRONZEBABYMETAL–THEOTHERONEVINYL;[];[]
KERRANG!GREENDAYSHAREWAKEMEUPWHENSEPTEMBERENDSXMARIAHCAREYMASH-UP;[];[]
KERRANG!ARCHITECTS’SAMCARTER:“WENEEDTOADDRESSTHEWAYWESPEAKTOEACH…;['Architects'];['Sam Carter']
KERRANG!THEOSBOURNESTORETURNTOREALITYTVFORNEWBBCSERIES,HOMETO…;[];[]
KERRANG!SIDWILSON’SOLDMASKTURNEDINTOANIMATRONICPUPPETTHATSINGSALONG…;[];[]
KERRANG!MORENAMESANNOUNCEDFORGUNSN’ROSES’BSTHYDEPARKSHOW;[];[]
KERRANG!THESTRUTSANNOUNCENEWALBUM,PRETTYVICIOUS;[];[]
LOUDWIREAMORPHISUNVEILNORTHAMERICANTOURDATESWITHSYLVAINE+HOAXED;['Amorphis'];[]
LOUDWIRETRIVIUMTO'TAKEATRUEBREAK'AFTERCURRENTALBUM-TOURCYCLE;[];[]
LOUDWIREFANSBOARDIRONMAIDEN-BRANDED‘TRAIN666’TOGETTOSHOWINSWEDEN;[];[]
LOUDWIREGOFUNDMELAUNCHEDTOHELPVENOMLEGENDABADDONWITHCANCERTREATMENT+OTHEREXPENSES;[];[]
LOUDWIREADAYTOREMEMBERPLOTLATE2022ACOUSTICTOURAFTERFALLHEADLINEDATES;['A Day to Remember'];[]
LOUDWIREPAPAROACHDROPCATHARTIC'CUTTHELINE,'ANNOUNCE'EGOTRIP'ALBUMRELEASEDETAILS;[];[]
LOUDWIREROBZOMBIEAPPEARSTOCONFIRMTHATACLASSICMEMBERHASREJOINEDTHEBAND;[];[]
LOUDWIRECREEDOFFICIALLYREUNITE,UNVEIL'SUMMEROF'99'CRUISEDETAILS;[];[]
LOUDWIRETHEBESTMETALALBUMOFALLTIME?;[];[]
LOUDWIRENOFX’SFATMIKEISOPENINGTHEWORLD’SFIRSTPUNKMUSEUM;[];[]
LOUDWIREKORNRELEASENEW'REQUIEMMASS'LIVEEP+CONCERTVIDEO;[];[]
LOUDWIREFITFORANAUTOPSYSHARETHESLOW-BURNINGMETALOPUS'TWOTOWERS';[];[]
LOUDWIRESEEBRILLIANTPHOTOSFROMTHEFIRSTTWONIGHTSOFMETALLICA'S'72SEASONS'TOUR;[];[]
LOUDWIREJUDASPRIEST'SROBHALFORDPICKSALIVERECORDAMONGSTHIS5FAVORITEALBUMS;[];[]
LOUDWIRE32YEARSAGO:SLAYERRELEASE'SEASONSINTHEABYSS';[];[]
LOUDWIRETOOL'SMAYNARDJAMESKEENANPROVOKESFLORIDABYPERFORMINGINDRAGTHERE;['A Perfect Circle'];['Maynard James Keenan']
LOUDWIRETHERE’SA‘REPTILIANCHRISTIANCHRISTVIOLENCE’BANDTHATBATHESFANSINBLOODATSHOWS;[];[]
LOUDWIRE6SWEETTHINGSHIMFANSWILLLOVEABOUTVILLEVALO'SNEWALBUM'NEONNOIR';[];[]
LOUDWIREHOWALTERBRIDGE'SMYLESKENNEDYLEARNED'THERE'SMORETOLIFETHANALIVING';['Alter Bridge'];['Myles Kennedy']
LOUDWIREARCHITECTSFRONTMANHITSOUTATFANSUSINGTOMSEARLE'SDEATHTOCRITIQUETHEIRMUSIC;['Architects'];['Tom Searle']
LOUDWIRE30YEARSAGO:PANTERARELEASE'VULGARDISPLAYOFPOWER';[];[]
LOUDWIREDISTURBED,LAMBOFGOD+MOREJOINFINALIZED2022SUMMERFESTLINEUP;[];[]
LOUDWIREFOOFIGHTERSREVEALSTAR-STUDDEDGUESTLISTFORTAYLORHAWKINSTRIBUTESHOWS;[];[]
LOUDWIRE20YEARSAGO:IMMORTALRELEASE'SONSOFNORTHERNDARKNESS';[];[]
LOUDWIRELORNASHORE'SWILLRAMOSMIGHTBREAKTHEINTERNETWITHCOVEROFVIRALSLEEPTOKENSONG;[];[]
LOUDWIREHOWSYNYSTERGATES'PRESENTFORM.SHADOWS'FIRSTCHILDMADEAVENGEDSEVENFOLD'SNEWALBUM;['Avenged Sevenfold'];['M. Shadows', 'Synyster Gates']
LOUDWIRESINEADO'CONNORDEADAT56;[];[]
LOUDWIRENOOOOO!WEIRDALMIGHTNEVERRELEASEANOTHERPARODYSONGAGAIN;[];[]
LOUDWIREBESTROCK+METALSONGSOFMAY-STAFFPICKS+ESSENTIALS;[];[]
LOUDWIREPANTERA'SREXBROWNSHARESOLDPHOTOOFHIM+VINNIEPAUL,RECOLLECTS'GRATEFULMEMORIES';[];[]
LOUDWIRE10OFTHEBIGGESTREASONSROCK+METALBANDSBROKEUP;[];[]
LOUDWIRE10KILLERDEATHMETALCOVERSOFSLAYERSONGS;[];[]
LOUDWIRESEEFOOTAGEFROMBADWOLVES'FIRSTCONCERTWITHNEWSINGERD.L.;[];[]
LOUDWIREDANZIGTOPLAYFIRSTALBUMINFULLON2023TOURWITHBEHEMOTH,TWINTEMPLE+MIDNIGHT;[];[]
LOUDWIREQUEENRELEASEPREVIOUSLYUNHEARDSONG'FACEITALONE'FROMFREDDIEMERCURYERA;[];[]
LOUDWIRERIOTFEST2022ANNOUNCESCOMPLETELINEUP-MCR,MISFITS+NINEINCHNAILSHEADLINING;[];[]
LOUDWIREFIVEFINGERDEATHPUNCHDROPNEWSONG'WELCOMETOTHECIRCUS,'SETNEWMAINSTREAMROCKCHART-TOPPERMARK;[];[]
LOUDWIREFLORIDAMANSHREDSNATIONALANTHEMATNFLGAME+WETHINKTHAT’SWHYTHEJAGUARSGOTTOTHEPLAYOFFS;[];[]
LOUDWIRESABATONTOFIRE25-POUNDERGUNAFTERHELPINGSAVEWWIMUSEUM;[];[]
LOUDWIREDAVEGROHLRECORDEDDRUMSFORNEWFOOFIGHTERSALBUM;[];[]
LOUDWIRETHENEWNU-METALBANDELTONJOHNTHINKSARE‘PHENOMENAL’;[];[]
LOUDWIREWHATTHEDUCK-HOWTOGETYOURPHONETOSTOPAUTOCORRECTING'F--K';[];[]
LOUDWIREWHYMETALLICA'SKIRKHAMMETTLOVESUSINGAWAHPEDAL-'IDON'TCAREWHATANYONEF--KINGSAYS';[];[]
LOUDWIREHOWDIDFIVEFINGERDEATHPUNCHGETTHEIRBANDNAME?;[];[]
LOUDWIRE41ROCKALBUMSTHATTOTALLYREMINDMEOFSUMMER-AWRITER'SREFLECTION;[];[]
LOUDWIREBLACKSTONECHERRYRECOGNIZEDBYTHEKENTUCKYMUSICHALLOFFAME;[];[]
LOUDWIREREXBROWNCONFIRMSCOLLABORATIONWITHJUDASPRIEST'SRICHIEFAULKNER;[];[]
LOUDWIREWESSCANTLINARRESTEDFORTRESPASSINGATFORMERHOME-REPORT;[];[]
LOUDWIREGENESIMMONSEXPLAINSWHYHEONCEGAVEGEDDYLEEABASSLESSON;[];[]
LOUDWIRELEGENDARYSINGERTINATURNERDEADAT83;[];[]
LOUDWIREMETALLICA'SFOURTHANDFINALVINYLCLUB2.0RELEASEISHERE;[];[]
LOUDWIREGEORGELYNCHEXPLAINSDECISIONTORECLAIM'PROBLEMATIC'LYNCHMOBBANDNAME;[];[]
LOUDWIREPHOTOS-SLIPKNOT’SCLOWNATTENDSBIG,STAR-STUDDEDNEWYORKFASHIONSHOW;[];[]
LOUDWIREBADWOLVES,METALLICA,NINEINCHNAILS+MOREOFFERPRIZEDITEMSTORAISESWEETRELIEFDONATIONS;[];[]
LOUDWIREARCHITECTSREADYLIVEALBUMWITHORCHESTRAFROMLEGENDARYSTUDIO;['Architects'];[]
LOUDWIREBABYMETALMARKTHEIRRETURNWITHNEWSONG'DIVINEATTACK-SHINGEKI-';[];[]
LOUDWIREDRAKEGIVESSHOUT-OUTTODEATHMETALVOCALISTONINSTAGRAM;[];[]
LOUDWIREKORN'SMUNKYCOMMENTSONTAYLORHAWKINS+HISOWNSOBERJOURNEY;[];[]
LOUDWIRETILLLINDEMANNLAWYERSOBTAINBANAGAINSTNEWSPAPEROVERMISCONDUCTALLEGATIONREPORTING;[];[]
LOUDWIRE23YEARSAGO:FOOFIGHTERSRELEASE'THEREISNOTHINGLEFTTOLOSE';[];[]
LOUDWIREWHENNIRVANAINTENTIONALLYRUINED'SMELLSLIKETEENSPIRIT'ONTV-WATCH;[];[]
LOUDWIREJUDASPRIESTWILLACTUALLYBEPERFORMINGATROCKANDROLLHALLOFFAMEAFTERALL;[];[]
LOUDWIREANTHRAX'SSCOTTIANRECALLSFIRSTTIMEHEARINGALICEINCHAINS-THEYWEREBLACKSABBATHHEAVY;['Alice in Chains', 'Anthrax'];['Scott Ian']
LOUDWIREPATBENATARCUTS'HITMEWITHYOURBESTSHOT'FROMCONCERTSDUETOMASSSHOOTINGS;[];[]
LOUDWIREMACHINEGUNKELLY+MEGANFOXDRESSEDASTOMMYLEE+PAMANDERSONFORHALLOWEEN,FANSREACT;[];[]
LOUDWIRELINKINPARKLAUNCHCRYPTIC,OLDSCHOOLCOUNTDOWNONWEBSITE-BUTWHATFOR?;[];[]
LOUDWIREYOUWOULDN'TWANTTOCROSSAMORPHISINASNOWYFOREST;['Amorphis'];[]
LOUDWIREDANISHMUSEUMNOWINPOSSESSIONOFTHATVIRALLARSULRICHTOILET;[];[]
LOUDWIRERAMMSTEINRESPONDTOALLEGATIONSTHATFANWASDRUGGEDDURINGBAND'SCONCERTPRE-PARTY;[];[]
LOUDWIREAPHOTOTIMELINEOFSLIPKNOT'STURBULENTCAREER;[];[]
LOUDWIREOZZYNARRATESCHARITYSONG'THISCHRISTMASTIME'ALSOSTARRINGPINKFLOYD+DURANDURANMEMBERS;[];[]
LOUDWIREFEVER333CANCELUPCOMINGTOURDATES,SHARESTATEMENT;[];[]
LOUDWIRE28YEARSAGO:PEARLJAMOVERCOMEINTERNALSTRIFEON'VITALOGY';[];[]
LOUDWIREAXLROSECALLSPUTINAMURDEROUS'LITTLEMAN'INSHOWOFSUPPORTFORUKRAINE;[];[]
LOUDWIREBABYMETALANNOUNCEFIRST-EVERCONCEPTALBUMWHICHWILLREVEALASIDEOFTHEBAND'WENEVERKNEWEXISTED';[];[]
LOUDWIREBLACKKEYSRECONNECTTOBLUECOLLARROOTSIN'WILDCHILD'VIDEO,ANNOUNCENEWALBUM;[];[]
LOUDWIREMACHINEGUNKELLYREADYTOBALLATNBA'S2022ALL-STARCELEBRITYGAME;[];[]
LOUDWIREMETALLICA:APHOTOTIMELINEOFTHEIRREMARKABLECAREER;[];[]
LOUDWIREPARAMOREANNOUNCEFULL2024TOURWITHTAYLORSWIFT;[];[]
LOUDWIREDAVELOMBARDOTOMISSTESTAMENT'S2023TOURING,CALLSFUTUREWITHTHEBAND'WAIT-AND-SEE';[];[]
LOUDWIRENITASTRAUSS-FANTHREW'SWEATYBOXERS'DURINGALICECOOPERSHOW;['Alice Cooper'];['Alice Cooper']
LOUDWIREBLACKENEDWHISKEY:CIGARCOLLABWITHJAMESHETFIED+DREWESTATE;[];[]
LOUDWIRECURRENTSGUITARISTRYANCASTALDIDIAGNOSEDWITHSTAGE3CANCER;[];[]
LOUDWIRESIDWILSONNAMESHISFAVORITESLIPKNOTSONG;[];[]
LOUDWIRETYPEONEGATIVEREISSUINGSECONDALBUMWITHORIGINALNSFWSCRATCHANDSNIFFCOVER;[];[]
LOUDWIREMOTLEYCRUE'SNIKKISIXXMARKS22YEARSOFSOBRIETY-'ONEHELLOFABEAUTIFUL+SOMETIMESDIFFICULTJOURNEY';[];[]
LOUDWIREVIRALAIR-DRUMMINGSLIPKNOTKIDPLAYS'SULFUR'ON'ELLEN'TVAPPEARANCE;[];[]
LOUDWIREVANHALENCLASSICLINEUPFAREWELLTOURWASINTHEWORKSBEFOREEDDIE'SDEATH,SAYSNUNOBETTENCOURT;[];[]
LOUDWIREREDHOTCHILIPEPPERSGETTHEIR'STAR'ONTHEHOLLYWOODWALKOFFAME;[];[]
LOUDWIRE2022ROCK+METALGRAMMYWINNERSREVEALED;[];[]
LOUDWIRESAXONGUITARISTSTEPSAWAYFROMTOURINGAFTERFOURDECADES;[];[]
LOUDWIREKISS+IRONMAIDENBODYGUARD'BIG'JOHNHARTEDEADAT70;[];[]
LOUDWIREMETALLEGENDSHANGOUTWITHPOSTMALONEDURINGIRONMAIDEN’SROCKINRIOSET;['Area'];[]
LOUDWIREBEAVISANDBUTT-HEADRETURNINTRAILERFORNEWSTREAMINGMOVIE;[];[]
LOUDWIREFRANKIEROCALLSOUTLEGOOVERLEGALDEMANDTOTAKEDOWNMUSICVIDEO;[];[]
LOUDWIRETHETRUTHABOUTANXIETYFROMEVAUNDERFIRE'SEVAMARIE;[];[]
LOUDWIRETRANS-SIBERIANORCHESTRAREVEAL'THEGHOSTSOFCHRISTMASEVE'2022TOURDATES;[];[]
LOUDWIRETRAVISBARKERSHARESGRAPHICUPDATEFOLLOWINGSURGERYFORINJUREDFINGER;[];[]
LOUDWIRE2023BEALESTREETMUSICFESTIVALLINEUPREVEALED-GRETAVANFLEET,ROBERTPLANT+MORE;[];[]
LOUDWIREBEHOLDTHERUSHPINBALLMACHINEINALLITSGLORY;[];[]
LOUDWIREPRESIDENTBIDENISSUESCALLTO'CRACKDOWN'ON'HIDDENJUNK'FEESFORCONCERTS+MORE;[];[]
LOUDWIREDAVIDGILMOUR’SWIFETAKESPINKFLOYDFEUDTONEWLEVEL,BLASTSROGERWATERSAS‘ANTISEMETIC,’‘MISOGYNISTIC’+ALOT,LOTMORE;[];[]
LOUDWIREPOLL:WHICHLINKINPARKALBUMISTHEBEST?-VOTENOW;[];[]
LOUDWIREFORMER'120MINUTES'HOSTLEWISLARGENTDIESAT58,ROCKERS+FELLOWJOURNALISTSPAYTRIBUTE;[];[]
LOUDWIRESURPRISE!STEVENTYLERJOINSEMINEM,DAVEGROHLJOINSLIONELRICHIEONSTAGEATROCKHALL;['Aerosmith'];['Steven Tyler']
LOUDWIRE38YEARSAGO:METALLICARELEASE‘RIDETHELIGHTNING’;[];[]
LOUDWIRE8TIMESMUSICIANSWERECREDITEDONALBUMSTHEYDIDN'TACTUALLYPLAYON;[];[]
LOUDWIREWEWENTBIGFOOTHUNTINGWITHSLEEP/HIGHONFIRE'SMATTPIKE;[];[]
LOUDWIREFLEADONATESSIGNATUREBASSWITHHAND-DRAWNDOODLESTOCHARITY;[];[]
LOUDWIRETHEORYOFADEADMANRETURNTOROCKFORMWITHCAUTIONARYTALE'DINOSAUR';[];[]
LOUDWIRE10OFTHEMOSTPRETENTIOUSTHINGSROCK+METALARTISTSHAVESAID;[];[]
LOUDWIRECLUELESSFANSWAKINGUPTORAGEAGAINSTTHEMACHINE'S'WOKENESS';[];[]
LOUDWIREWHOISMILOSILVESTRO,FEARFACTORY'SNEWVOCALIST?;[];[]
LOUDWIREROCKANDROLLHALLOFFAMEEXPLAINSDECISIONTOKEEPDOLLYPARTONASNOMINEE;[];[]
LOUDWIRESABATONDEBUTSTUNNINGMUSICVIDEOFOR'SOLDIEROFHEAVEN';[];[]
LOUDWIRESURPRISE!HERE’SAPREVIOUSLYUNRELEASEDMOTORHEADSONG‘BULLETINYOURBRAIN’;[];[]
LOUDWIREJINJER'STATIANASHMAYLUKCELEBRATESSEVENMONTHSSOBER,METALMUSICIANSCONGRATULATEHER;[];[]
LOUDWIREFEVER333SINGERCONFIRMSGROUPWILLCONTINUEAFTERBANDMEMBERDEPARTURES;[];[]
LOUDWIRE2023BEACHLIFEFESTIVALLINEUPREVEALED-THEBLACKCROWES,THEBLACKKEYS+MORE;[];[]
LOUDWIREDOJACATCOVERSHOLE'S'CELEBRITYSKIN'FORTACOBELLSUPERBOWLAD;[];[]
LOUDWIRE18YEARSAGO:LAMBOFGODRELEASE'ASHESOFTHEWAKE';[];[]
LOUDWIREANDYBIERSACK’SNEWYEAR’SRESOLUTIONISONEWECANALLLEARNFROM;[];[]
LOUDWIREMAYNARDJAMESKEENANTELLSJOEROGANWHATHEREALLYTHINKSABOUTTIKTOK;['A Perfect Circle'];['Maynard James Keenan']
LOUDWIRESCREAMINGTREESSINGERMARKLANEGANDEADAT57;[];[]
LOUDWIREFIVEFINGERDEATHPUNCHDOUBLEDOWNWITHTWOFUTURISTICNEWVIDEOS;[];[]
LOUDWIREALICECOOPERCALLSJEFFBECKGREATESTGUITARISTOFALLTIME,RECALLSOPENINGFORYARDBIRDSWHENHEWAS16;['Alice Cooper'];['Alice Cooper']
LOUDWIREGHOSTFACERETURNSINTHE‘SCREAMVI’TRAILER;[];[]
LOUDWIREMEMBERSOFTOOL,MÖTLEYCRÜE,BLACKSABBATH&MOREADDEDTOSECONDTAYLORHAWKINSTRIBUTESHOW;[];[]
LOUDWIRECHRISJERICHOEXPLAINSWHYFOZZYWILLNEVERBEAPOLITICALBAND;[];[]
LOUDWIRERAGEAGAINSTTHEMACHINECANCEL2023NORTHAMERICANTOUR,ZACKDELAROCHAISSUESSTATEMENT;[];[]
LOUDWIREVALERIEBERTINELLISAYSSHE'NEVERFELTLOVE'LIKESHEDIDWITHEDDIEVANHALEN;[];[]
LOUDWIREMEETTHEJAPANESEGUITARISTWHO'SDEDICATEDHISLIFETOEMULATINGJIMMYPAGE;[];[]
LOUDWIRECHADKROEGERADOPTSSOUTHERNACCENTONNICKELBACKSONGABOUTSMOKINGWEED;[];[]
LOUDWIRESILENTPLANETBASSISTTHOMASFRECKLETONLEAVESTHEBANDAFTERADECADE;[];[]
LOUDWIRE10THINGSWELOVEABOUTMETALLICA'SNEWALBUM,'72SEASONS';[];[]
LOUDWIRESOMEONEPUTACHAIRFROMGUNSN'ROSES'ST.LOUISRIOTONEBAY;[];[]
LOUDWIRESTEVENTYLERNOTWELLENOUGHTOPERFORMLASVEGASSHOW,AEROSMITHISSUESTATEMENT;['Aerosmith'];['Steven Tyler']
LOUDWIRETOMMYLEESHARESNEWARTISTICVERSIONOFVIRALNUDEPHOTO,FANSSPLITONNAKEDSHENANIGANS;[];[]
LOUDWIREISBLINK-182NEWSCOMINGSOON?BANDCLEARSINSTAGRAM&WEBSITE;[];[]
LOUDWIREFRANKBELLOPROUDTOSEEHISMEMOIRHELPINGOTHERSDEALWITHABANDONMENT+LOSS;['Anthrax'];['Frank Bello']
LOUDWIRECLASSICMETALCHURCHDRUMMERKIRKARRINGTONHASDIEDAT61;[];[]
LOUDWIREMGK’SFLAMETHROWERBIRTHDAYPARTYENDSWITHPOLICEHELICOPTER-WATCH;[];[]
LOUDWIREPENNYWISEBOOKMARCH2022DATESTOREVISITFIVEALBUMSINFULL;[];[]
LOUDWIREROCK+METAL'POWERHOUR'TALKSHOWGETS7NEWTVEPISODES,12SPECIALGUESTSREVEALED;[];[]
LOUDWIREEAGLESANNOUNCESPRINGTOURDATESPLAYING'HOTELCALIFORNIA'INFULL;[];[]
LOUDWIREATREYU'SBRANDONSALLERONTHEBAND'STWONEWEPS+WHAT'SNEXT;[];[]
LOUDWIRE32YEARSAGO:BLACKCROWESRELEASE'SHAKEYOURMONEYMAKER';[];[]
LOUDWIREJOEELLIOTT-'BRYANADAMSCOULDEASILYBEAMEMBEROFDEFLEPPARD';[];[]
LOUDWIREGREENDAYARESELLINGALIMITEDEDITION'NIMROD45'SHIRTFEATURINGTRUMP'SMUGSHOT;[];[]
LOUDWIREREDHOTCHILIPEPPERSREVEALRELEASEPLANSFORSECOND2022STUDIOALBUM;[];[]
LOUDWIREBOBROCKCLARIFIESCOMMENTSONNIKKISIXX'SEARLYMOTLEYCRUEBASSPLAYINGINNEWSTATEMENT;[];[]
LOUDWIRESOUNDGARDEN'S'SUPERUNKNOWN':10FACTSONLYSUPERFANSWOULDKNOW;[];[]
LOUDWIRECHARITYAUCTION-SEEALLTHECOOLITEMSDONATEDBYOZZYOSBOURNE,DAVIDLEEROTH+MORELEGENDS;[];[]
LOUDWIREJOHNBONHAM'SGRANDSON+KORN'SRAYLUZIERTEAMUPONNEWPOP-PUNKSONG;[];[]
LOUDWIRETHEQUESTIONOZZYOSBOURNEHATESBEINGASKEDOVERANDOVER;[];[]
LOUDWIREWHAT10FAMOUSROCKSTARSHADFORTHEIRLASTMEALS;[];[]
LOUDWIREMUSICIANSTELLINGTHETRUTHABOUT'AMERICANIDOL';[];[]
LOUDWIREWHATDOESCOREYTAYLORREALLYTHINK?-NEWMUSIC,TODAY'SCULTURE,CAPITALISM+MORE;[];[]
LOUDWIRESLIPKNOTFANSHAVEGIVENTHENEWMYSTERYMEMBERANICKNAME;[];[]
LOUDWIREDANCEGAVINDANCEREVEALLINEUPFOR2022SWANFEST;[];[]
LOUDWIRESEETRAILERFORBANDCONTESTSHOWSTARRINGALICECOOPER,LZZYHALE+MORE;['Alice Cooper'];['Alice Cooper']
LOUDWIREKORN'SJONATHANDAVISREVEALSSONGTHATSTEEREDHISLOVETOROCK;[];[]
LOUDWIREBLACKVEILBRIDES+VILLEVALORELEASEJOINTCOVEROFSISTERSOFMERCY'S'TEMPLEOFLOVE';[];[]
LOUDWIREDAVESABOEXPLAINSWHY'NONEOFUS'INSKIDROWWANTTOREUNITEWITHSEBASTIANBACH;[];[]
LOUDWIRESEEPREVIEWOFTOOL'S'OPIATE2'SHORTFILM,AVAILABLENOW;[];[]
LOUDWIRESHINEDOWNJUSTBROKEATIEWITHFFDP+FOOFIGHTERSFORNEWCHARTRECORD;[];[]
LOUDWIRE36YEARSAGO:BLACKSABBATHRELEASETONYIOMMI-LED‘SEVENTHSTAR’;[];[]
LOUDWIREANDERSCOLSEFNISHARESLONGSTATEMENTABOUT'MATE.FEED.KILL.REPEAT.'TOUR,DEDICATESITTOJOEYJORDISON+PAULGRAY;[];[]
LOUDWIREJUDASPRIEST'SROBHALFORD-IHATETHESOUNDOFMYVOICE;[];[]
LOUDWIREPERRYFARRELLINJURED,JANE'SADDICTIONCANCEL5SHOWSWITHSMASHINGPUMPKINS;[];[]
LOUDWIREZOLTANBATHORYEXPLAINSHOWFIVEFINGERDEATHPUNCHARESTRIVINGTOBEMORELIKEQUEEN;[];[]
LOUDWIRELIMPBIZKITFANCRUSHESRAGEAGAINSTTHEMACHINECOVER,SITSIN'DADVIBES'THRONE;[];[]
LOUDWIRENORMAJEAN,EMERY+UNDEROATH'SAARONGILLESPIEANNOUNCEDFOR'LABELEDFEST'2022;['Aaron Gillespie'];[]
LOUDWIREWEANSWERTHEMOSTSEARCHEDQUESTIONSABOUTTHRASHMETAL’S‘BIG4’;[];[]
LOUDWIREALESTORMSENDOFFENSIVEREPLYTOPALESTINIANACTIVISTASKINGBANDTOCANCELTELAVIVSHOW;['Alestorm'];[]
LOUDWIREJAMESHETFIELDCALLSWOMANWHOGAVEBIRTHATMETALLICASHOW;[];[]
LOUDWIRE'PAM&TOMMY'SERIESINCLUDESDIALOGUEBETWEENLEEANDHISPENIS;[];[]
LOUDWIRE2022LOUDERTHANLIFEFESTIVALSETTIMES+STAGEASSIGNMENTSANNOUNCED;[];[]
LOUDWIREPARAMORECANCELFINALSHOWSOFTOURLEGDUETOHEALTHISSUES;[];[]
LOUDWIREJUDASPRIEST'SGLENNTIPTONBREAKSSILENCEONK.K.DOWNING'SACCUSATIONS;[];[]
LOUDWIRESIGNEDGUITARKURTCOBAINSMASHEDONSTAGECANBEYOURSFORTHERIGHTPRICE;[];[]
LOUDWIRE23YEARSAGO:METALLICAGOSYMPHONICWITH'S&M'RELEASE;[];[]
LOUDWIREDAVIDDRAIMANSHARESTHOUGHTSON‘BIGOTS’UPSETBYABLACKARIELINNEW'LITTLEMERMAID'MOVIE;[];[]
LOUDWIREBREAKINGBENJAMIN+DISTURBEDLEAD2022UPHEAVALFESTIVALLINEUP;[];[]
LOUDWIREOLIHERBERT'SWIDOWDENIESKILLINGGUITARISTINFIRSTINTERVIEWSINCEHISDEATH;[];[]
LOUDWIRE10KILLERNEWAGEBANDSPLAYINGCLASSICHEAVYMETAL;[];[]
LOUDWIRECHARLIEBENANTENAMES'THEBESTTHRASHRECORD'EVERANDIT'SNOTWHATYOUMIGHTTHINK;['Anthrax'];['Charlie Benante']
LOUDWIREWOLFGANGVANHALENHASADIFFERENTREVERENCEFOR'FRANKENSTEIN'GUITARTHANHISFATHER;[];[]
LOUDWIRETHELYRICSTOMETALLICA'S'72SEASONS'SONG'IFDARKNESSHADASON';[];[]
LOUDWIRECONCERNOVERSEXISTCOMMENTSISWHYPARAMORE’SHAYLEYWILLIAMSDOESN’T‘DARE’PLAYGUITARLIVE;[];[]
LOUDWIREBLACKIELAWLESS'CONDITIONFORCESHIMTOMAKEACHANGEONSTAGEWITHW.A.S.P.;[];[]
LOUDWIREAXLROSEPAYSTRIBUTETOEARLYINSPIRATIONDANMCCAFFERTYOFNAZARETH;[];[]
LOUDWIREIGORCAVALERACREDITS'OUTOFTHEORDINARY'BILLWARDFORHISEARLYDRUMMINGINSPIRATION;[];[]
LOUDWIREHAYLEYWILLIAMSSTOPSPARAMORESHOWBECAUSEFANSWEREFIGHTING-'DETENTIONFOREVERYONE!';[];[]
LOUDWIREBABYMETALHAVEOFFICIALLYANNOUNCEDANEWTHIRDMEMBER!;[];[]
LOUDWIRENEWDEFLEPPARDSONGBRINGSBIGRIFFS+BIGHOOKS;[];[]
LOUDWIREWOODSTOCKORGANIZERMICHAELLANGDIESAT77;[];[]
LOUDWIREDAVIDDRAIMANREACTSTOPHOEBEBRIDGERS''DOWNWITHTHESICKNESS'SHOWENTRANCE;[];[]
LOUDWIREFLEA'SDAUGHTERUSEDRHCP'SFIRSTGRAMMYAWARDASAGARDENSHOVEL;[];[]
LOUDWIREMEGANFOXPRAISESMACHINEGUNKELLY’S‘GRACEANDMATURITY’INGRAMMYLOSS;[];[]
LOUDWIRETURNSTILEREVEALFALL2022NORTHAMERICANTOUR,DROPNEWVIDEO;[];[]
LOUDWIREDAVEGROHLPENSTHANKYOUNOTETOFOOFIGHTERSFANS;[];[]
LOUDWIREMIKEMUSHOKADDRESSESWHETHERSTAINDSHOWSWILLGETPOLITICAL;[];[]
LOUDWIREINTERVIEW-HOW(DON'TCALL'EMASUPERGROUP)L.S.DUNESSAVEDITSOWNMEMBERS'LIVES;['Anthony Green'];[]
LOUDWIREWHYPARAMORE'SHAYLEYWILLIAMSSAYSPEOPLEVIEW2000SPOP-PUNKWITH'ROSE-TINTEDGLASSES';[];[]
LOUDWIREMICKJAGGERPOSTSEMOTIONALVIDEOHONORINGFIRSTANNIVERSARYOFCHARLIEWATTS’DEATH;[];[]
LOUDWIREPARAMOREFANWITHDISABILITYSHARESEMOTIONALACCOUNTOFSINGING'MISERYBUSINESS'ONSTAGEWITHBAND;[];[]
LOUDWIRERONNIERADKE-I'LLNEVERAPOLOGIZEFORTHINGSISAIDINTHEPAST;[];[]
LOUDWIRETESLAANNOUNCEU.S.TOURDATESFORSPRING+SUMMER2022;[];[]
LOUDWIRETATTOOTHEEARTHFESTIVALRETURNSAFTER20YEARS-2022LINEUPREVEALED;[];[]
LOUDWIREKENNYHOOPLACANCELS2022MONSTERENERGYOUTBREAKTOURWITHNOTHING.NOWHERECITINGMENTALHEALTH;[];[]
LOUDWIRERICHIEFAULKNERWANTEDTOGOHOMEINSTEADOFTOHOSPITALAMIDNEARLYFATALAORTARUPTURE;[];[]
LOUDWIRECHRISJERICHOPOWEREDTHROUGHBLOODCLOTSBEFORESHUTTINGDOWN2021TOUR;[];[]
LOUDWIRETOBIASFORGEEXPLAINSWHYHATERSARE'AGOODTHING'FORGHOST-'KEEPONTALKING';[];[]
LOUDWIRELEAKEDSUPREMECOURTDRAFTWOULDOVERTURNROEV.WADE-ROCKERSREACT;[];[]
LOUDWIREGHOST,KORN,GOJIRA+MOREROCK+METALARTISTSDOMINATENEW'NHL23'VIDEOGAMESOUNDTRACK;[];[]
LOUDWIREBRUCEDICKINSONEXPLAINSWHYHELEFTIRONMAIDENIN1993;[];[]
LOUDWIREJACKOSBOURNEEXPLAINSWHYHEPAIDFORTWITTER'SBLUECHECK;[];[]
LOUDWIREGENESIMMONSALWAYSSAYS‘ROCKISDEAD,’DOESPAULSTANLEYAGREE?;[];[]
LOUDWIREDARYLHALLSAYSHETURNEDDOWNVANHALENOFFERTOREPLACEDAVIDLEEROTH;[];[]
LOUDWIRESOUNDGARDEN'S'SUPERUNKNOWN'NOWCERTIFIEDSIXTIMESPLATINUMINU.S.;[];[]
LOUDWIREOZZYREVEALSWHICHOFHISSOLOALBUMSWASLEMMY'SFAVORITE;[];[]
LOUDWIRESERJTANKIANEXPLAINSWHYHE'SCOOLEDONIDEAOFLARGESCALETOURING;[];[]
LOUDWIREBUSH'SGAVINROSSDALESAYSOVERTURNINGROEV.WADEWAS'MEDIEVAL';[];[]
LOUDWIRESEVENMETALLICADOCUMENTARIES+CONCERTFILMSCOMINGTOSTREAMING;[];[]
LOUDWIREOLISYKES-BMTHWEREONCEPORTRAYEDASMOTLEYCRUE-ESQUE'D--KHEADS';[];[]
LOUDWIREPOLL:WHAT'STHEBESTLEDZEPPELINALBUM?-VOTENOW;[];[]
LOUDWIREGUNSN'ROSESSOUNDCHECKPREVIOUSLYUNRELEASED'CHINESEDEMOCRACY'ERASONGINTELAVIV;[];[]
LOUDWIREBRINGMETHEHORIZON+EDSHEERANPLANTOWORKONASONGTOGETHER;[];[]
LOUDWIREHAYLEYWILLIAMSCALLSOUTFATMIKE'SPASTCOMMENTSABOUTHER-'IDONOTTHINKTHAT'SPUNK';[];[]
LOUDWIRE13ROCK+METALSONGSWRITTENINTRIBUTETOLATEMUSICIANS;[];[]
LOUDWIREAXLROSEADDRESSESHEALTHISSUES,WORKINGWITHVOCALCOACH;[];[]
LOUDWIREREADTHELYRICSTOMETALLICA'SNEWSONG'LUXAETERNA';[];[]
LOUDWIRECHADSMITHLAMENTSPARTICIPATIONININTERVIEWABOUTTAYLORHAWKINSINNEWSTATEMENT;[];[]
LOUDWIREERRAREVEALCRUSHINGMUSECOVER'STOCKHOLMSYNDROME';[];[]
LOUDWIRECREEDSINGLESRANKED;[];[]
LOUDWIREEVERSEEAPUNKSHOWONATRAINBEFORE?NOWYOUHAVE!;[];[]
LOUDWIRESKIDROWDEBUTCLASSIC-SOUNDINGSONGWITHNEWSINGER,ANNOUNCE2022ALBUM;[];[]
LOUDWIREISEDDIEVEDDER'S'BROTHERTHECLOUD'ABOUTCHRISCORNELL?;['Audioslave'];['Chris Cornell']
LOUDWIREPOLL:WHAT'STHEBESTSONGBYTHEPRETTYRECKLESS-VOTENOW;[];[]
LOUDWIREMARKTREMONTISWINGSWITHFRANKSINATRABANDMEMBERSININFINITELYCOOL'FLYMETOTHEMOON'VIDEO;['Alter Bridge'];['Mark Tremonti']
LOUDWIRETHIRDEYEBLINDSINGERREFUSESAUTOGRAPHUNLESSPERSONCANNAMEONEOFTHEIRSONGS;[];[]
LOUDWIREHEARACHAOTICBLUEGRASSVERSIONOFSYSTEMOFADOWN'S'CHOPSUEY';[];[]
LOUDWIREARTISTCREATESCREEPYBUTCOOLTAYLORMOMSENBEDDINGSET;[];[]
LOUDWIREMICKJAGGERGETSFLASHEDATCONCERT,SOHEFLASHESBACK;[];[]
LOUDWIREHOWDIDDISTURBED'SDAVIDDRAIMANLOSEALLTHATWEIGHT?-HEEXPLAINS;[];[]
LOUDWIRETHEKILLERSSTOPSHOWTOMAKESUREOLDERCROWDSURFERISOKAY;[];[]
LOUDWIRE33YEARSAGO:MOTLEYCRUERELEASE'DR.FEELGOOD';[];[]
LOUDWIREBRUCEDICKINSONDOESN'TWANTIRONMAIDENINTHEROCKHALL-'WE'RENOTDEADYET';[];[]
LOUDWIREMATTSKIBAREVEALS'ALMOSTAWHOLEALBUM'SWORTHOFSTUFF'WASWRITTENWITHBLINK-182;[];[]
LOUDWIRETHEMARSVOLTADEBUTEDNEWSONGS+PLAYEDMANYCLASSICSATFIRSTSHOWSINCE2012;[];[]
LOUDWIRESLIPKNOT'SCOREYTAYLORREVEALSTHEJOBHEFIRSTWANTEDBEFOREBECOMINGAMUSICIAN;[];[]
LOUDWIREGHOST'STOBIASFORGE-I'DRATHERBEMORELIKERAMMSTEINTHANPEARLJAM;[];[]
LOUDWIRESEE26ROCK+METALMUSICIANSROCKINGSUNGLASSES;[];[]
LOUDWIREBEHEMOTH'SNERGALSLAMSMAJORITYOFNEWMETALALBUMSFORSOUNDING'ROBOTIC';[];[]
LOUDWIRESPOILER-IRONMAIDENDEBUTTHREE'SENJUTSU'SONGS+SAMURAIEDDIEATFIRST2022SHOW;[];[]
LOUDWIRENICKELBACK'SREVEALOFFICIALVIDEOFORNOSTALGIA-FILLEDSONG'THOSEDAYS';[];[]
LOUDWIRERAMMSTEINANNOUNCETOURDATESFOR2023;[];[]
LOUDWIREDAVEMUSTAINEWILLINGTOFORGIVEDAVIDELLEFSONBUT'WON'TPLAYMUSICWITHHIMANYMORE';[];[]
LOUDWIREROBTRUJILLO'SADVICEFORYOUNGMUSICIANS+HISBASSISTSONTYE;[];[]
LOUDWIREBRIANMAY+EDDIEVANHALENCOLLABORATIONGETS40THANNIVERSARYBOXSETREISSUE;[];[]
LOUDWIREDAVIDLEEROTHREVEALSTHENICKNAMEVANHALENHADFOREDDIEVANHALEN;[];[]
LOUDWIRE10ROCK+METALMUSICIANSWHO'VEBEENEMERGENCYRESPONDERS;[];[]
LOUDWIREAWOLNATIONCOVERSCORPIONS''WINDOFCHANGE'WITHBRANDONBOYD+PORTUGAL.THEMAN;['Awolnation'];[]
LOUDWIREFOZZYPOSTPONEREMAINING2022TOURDATESWHILECHRISJERICHOHEALSFROMBRUISEDLARYNX;[];[]
LOUDWIREBRENTSMITHCALLSNEWSHINEDOWNRECORD'HONEST'+'HISTORICAL';[];[]
LOUDWIREPHOTOSHOWSMETALLICA'SKIRKHAMMETTPERFORMINGATOPGIANTWAHPEDAL;[];[]
LOUDWIREMARKZUCKERBERG'SSISTERSINGSCYPTOCURRENCY-THEMED'WE'RENOTGONNATAKEIT';[];[]
LOUDWIREPIERCETHEVEIL'SVICFUENTES+WIFEDANIELLEEXPECTINGFIRSTBABYTOGETHER;[];[]
LOUDWIREPOLL:WHAT'STHEBESTHOLEALBUM?-VOTENOW;[];[]
LOUDWIRETHE5BESTZOMBIE-THEMEDMUSICVIDEOS;[];[]
LOUDWIREEVERYAVENGEDSEVENFOLDMEMBERSHARESTHEIRTOP5ALBUMSOF2022;['Avenged Sevenfold'];[]
LOUDWIREOTTTO(FT.ROBTRUJILLO'SSON)+BASTARDANE(FT.JAMESHETFIELD'SSON)BOOK8-DATETOUR;[];[]
LOUDWIRERIKKIROCKETT+WIFEENLISTHELPFROMPOLICETOCATCHPERSONSCAMMINGPOISONFANS;[];[]
LOUDWIREMACHINEGUNKELLYSHUTSDOWNTIKTOKERWHOCLAIMEDHEDIDN'TPLAYGUITARLIVE;[];[]
LOUDWIRE'GRANDMAJUSTKILLEDROBZOMBIE'–OLDERPERSONSINGS'DRAGULA'ATKARAOKE;[];[]
LOUDWIREMUSICIANTESTIFIESABOUTTICKETMASTER'MONOPOLY,'GOESVIRAL;[];[]
LOUDWIRE2023GRAMMYSFULLROCK+METALWINNERSLIST;[];[]
LOUDWIREREDHOTCHILIPEPPERSDEBUTULTRATRIPPYVIDEOFORNEWSONG'TIPPAMYTONGUE';[];[]
LOUDWIREPORNOFORPYROSSHAREINTIMATEREHEARSALVIDEOFROMREUNIONTOUR;[];[]
LOUDWIREBRINGMETHEHORIZON'S'SEMPITERNAL'SURPASSES1BILLIONSTREAMSONSPOTIFY;[];[]
LOUDWIREJACKOSBOURNEEXPECTINGBABY#4WITHFIANCéEAREEGEARHEART;[];[]
LOUDWIRE30YEARSAGO:STONETEMPLEPILOTSMAKETHEIRDEBUTWITH'CORE';[];[]
LOUDWIRELIQUIDDEATHAPOLOGIZEAFTERJOKEABOUTNUCLEARBLASTLOGOBACKFIRES;[];[]
LOUDWIRETHEWEIRDESTTHINGSPEOPLEHAVEDONEINAMOSHPIT;[];[]
LOUDWIREDAVIDELLEFSONCOMPARESMEGADETHFIRINGTOBEING'KICKEDOUTOFHELL';[];[]
LOUDWIREWHO'SONTHEALBUMCOVEROFLINKINPARK'S'METEORA'?;[];[]
LOUDWIREISMETALLICAROCKORMETAL?;[];[]
LOUDWIREPOLARISVOWTO'MOVEFORWARD'FOLLOWINGGUITARIST'SDEATH,THANKFANSFORSUPPORT;[];[]
LOUDWIREBOSTONCALLINGLINEUPREVEALED:METALLICA,FOOFIGHTERS+MORE;[];[]
LOUDWIRELINKINPARKLAUNCHPUZZLEONWEBSITE,HERE'SWHATWE'VEUNCOVEREDSOFAR;[];[]
LOUDWIRE23BANDSANNOUNCEDFORFURNACEFESTINCLUDINGFOURREUNIONS;[];[]
LOUDWIRERANDYBLYTHESAYSSOCIALMEDIALETSPEOPLEIGNOREFACTS;[];[]
LOUDWIREFFDP'SCHRISKAELRECALLS2020RELAPSE,ISNOWSOBERAGAIN;[];[]
LOUDWIRE10METALBANDSFROMTHE'80STHATTHRIVEDINTHE'90S;[];[]
LOUDWIREDAVEGROHLANNOYEDASJAMESCORDENBUTCHERSFOOFIGHTERSSONGSONKEYBOARD;[];[]
LOUDWIREWHITESNAKEGUITARISTMISSES4SHOWSINAROW,FANSSHOWCONCERN;[];[]
LOUDWIREWHATITWOULDSOUNDLIKEIFSYSTEMOFADOWNWROTE'BARBIEGIRL';[];[]
LOUDWIREISBARBIE'SKENAMETALLICASTAN?NEWDOLLCOMESWITHMETALLICA-STYLED'KEN'BELTBAG;[];[]
LOUDWIREREMOVALOFSUGGESTIVESONGFROMKIDSVERSIONOFQUEEN'S'GREATESTHITS'CAUSESOUTCRY;[];[]
LOUDWIRE10OFTHEWILDESTLOCATIONSBANDSHAVEPLAYEDLIVE;[];[]
LOUDWIRETHE1975’SMATTHEALYCHALLENGESGALLAGHERBROTHERSTOREUNITEOASIS-‘GROWUP!’;[];[]
LOUDWIRETHEACACIASTRAIN+FITFORANAUTOPSYBOOK2023TOURWITHFULLOFHELL+PRIMITIVEMAN;[];[]
LOUDWIRETRAVISBARKERA'PROUD'DADAFTERSONLANDON'SFIRSTHIP-HOPPERFORMANCE;[];[]
LOUDWIREREDHOTCHILIPEPPERS'JOHNFRUSCIANTEDETAILSSONGWRITING'FACEOFFS'WITHFLEA;[];[]
LOUDWIREEVANRACHELWOODRESPONDSTOMANSONDEFAMATIONLAWSUITON'THEVIEW';[];[]
LOUDWIREKIRKHAMMETT'SREASONFORNOTLISTENINGTO'LULU'ANYMOREISACTUALLYQUITETOUCHING;[];[]
LOUDWIREBESTROCK+METALCOVERSONGSOF2023(SOFAR);[];[]
LOUDWIRETHEMONKEES'MICKYDOLENZSUINGTHEFBITOACCESSBUREAU'SFILEONBAND;[];[]
LOUDWIREROBHALFORD:GHOSTARENEEDEDTO'REFOCUSANDRE-ENERGIZE'ROCKMUSIC;[];[]
LOUDWIREGRETAVANFLEETANNOUNCE42-DATESUMMER+FALL2022ARENATOUR;[];[]
LOUDWIREHOWDOESCHADGRAYFEELABOUTMUDVAYNEBEINGCALLEDNU-METAL?;[];[]
LOUDWIREQUEENSOFTHESTONEAGESINGERTHINKSIT'S'ALITTLEC--TY'WHENBANDSDON'TPLAYTHEIRHITS;[];[]
LOUDWIRESCHOOLJANITORGOINGVIRALFORAMAZINGCOVEROFJOURNEY’S‘DON’TSTOPBELIEVIN’’;[];[]
LOUDWIREWHYJONATHANDAVISHATEDKORNBEINGCALLEDNU-METAL;[];[]
LOUDWIRETHEGRINCHGETSAHORRORSPOOFIN‘THEMEANONE’TRAILER;[];[]
LOUDWIRESLEEPTOKEN'SNEWSINGLE'DYWTYLM'ISAPOPSONGWITHNOGUITARSWHATSOEVER,TWITTERREACTS;[];[]
LOUDWIREHOWZAKKWYLDE’SAUDITIONTAPEMADEITSWAYTOOZZYOSBOURNE;[];[]
LOUDWIREROCK+METALSONGSABOUTU.S.HISTORY;[];[]
LOUDWIRELIVESTREAMOFTAYLORHAWKINSTRIBUTECONCERTANNOUNCED-HOW+WHEREYOUCANWATCH;[];[]
LOUDWIREDOLLYPARTON'SNEWROCKALBUMHASOVER40GUESTS+30SONGS;[];[]
LOUDWIREMAYNARDJAMESKEENANPICKSBESTSONGTOINTRODUCEPEOPLETOAPERFECTCIRCLE;['A Perfect Circle'];['Maynard James Keenan']
LOUDWIREPANTERAANNOUNCE2023NORTHAMERICANTOURWITHLAMBOFGOD;[];[]
LOUDWIREGLENNHUGHESSAYSHE+EDDIETALKEDABOUTHIMREPLACINGDAVIDLEEROTHINVANHALEN;[];[]
LOUDWIREHEREARESOMEOFTHEFUNNIESTREACTIONSTOWHENWEWEREYOUNGDAYONEBEINGCANCELED;[];[]
LOUDWIREITLOOKSLIKEGUNSN'ROSESWILLPLAYHISTORICFESTIVALFORFIRSTTIMEEVERIN2023;[];[]
LOUDWIREWHATEVERHAPPENEDTOTHEACTSFROMTHEFIRSTH.O.R.D.E.FESTIVAL?;[];[]
LOUDWIREEX-FOREIGNERSINGERCLAIMS'PERSONALVENDETTA'HASKEPTBANDFROMBEINGNOMINATEDFORROCKHALL;[];[]
LOUDWIREWHOA,LAMBOFGOD'SRANDYBLYTHECUTOFFHISDREADLOCKS;[];[]
LOUDWIRESTEVESTEVENSSUGGESTSDEADLANDRITUALENDEDWHEN'REALITYHIT';[];[]
LOUDWIREGUITARISTROBCAGGIANOISSUESSTATEMENTCONCERNINGHISEXITFROMVOLBEAT;[];[]
LOUDWIRE21YEARSAGO-DEATHFOUNDERCHUCKSCHULDINERDIES;[];[]
LOUDWIRENETFLIXCONFIRM'JACKASS4.5'RELEASEDATE,SHARECLIPOFNEWSWINGSETSTUNT;[];[]
LOUDWIREPOLL:WHAT'STHEBESTSMASHINGPUMPKINSSONG?-VOTENOW;[];[]
LOUDWIRETHOMYORKE+JONNYGREENWOODREVEALTHESMILE'SSECONDSINGLE'THESMOKE';[];[]
LOUDWIRECHARLIEBENANTESHARESTEASERCLIPOFNEWANTHRAXRIFFS;['Anthrax'];['Charlie Benante']
LOUDWIRETHEPRETTYRECKLESS'TAYLORMOMSEN-ITTOOKUSAWHILETOBEACCEPTEDBYOTHERBANDS;[];[]
LOUDWIRE'HELLRAISER'PINHEADACTORREVEALSHISMETALFANDOM,CALLSDANIFILTHA'TRAILBLAZER';[];[]
PLANETROCKDEEPPURPLEWELCOMESIMONMCBRIDEASPERMANENTMEMBER;[];[]
PLANETROCKSHINEDOWNCANCEL2022EUROPEANTOUREXCEPTUKDATES;[];[]
PLANETROCKGHOSTCONDEMNCONCERTVENUEFORORDERINGTHEIRFANSTOREMOVEFACEPAINT;[];[]
PLANETROCKVOTEFORTHEGREATESTALBUMCOVEROFALLTIME;[];[]
PLANETROCKCOREYTAYLORANNOUNCESNOVEMBER2023UKTOUR;[];[]
PLANETROCKHALESTORMSHAREHARDROCKINGCOVEROFDOLLYPARTON'S'JOLENE';[];[]
PLANETROCKMETALLICA'S'MASTEROFPUPPETS'TOENTERUKTOP40FORFIRSTTIMEEVER;[];[]
PLANETROCKTHUNDERANNOUNCEDOUBLEALBUMDOPAMINEANDPREMIERETHEWESTERNSKYVIDEO;[];[]
PLANETROCKWATCH:DISTURBEDGETDRENCHEDFORSECONDTIMEASPYROSETSOFFSPRINKLERSYSTEM;[];[]
PLANETROCKWOODSTOCKFOUNDERANDORGANISERMICHAELLANGDIESAGED77;[];[]
PLANETROCKFOOFIGHTERSANNOUNCEFIRSTHEADLINECONCERTSSINCETAYLORHAWKINS'DEATH;[];[]
PLANETROCKKURTCOBAIN’SNIRVANA'SMELLSLIKETEENSPIRIT'GUITARMAKESHISTORYATAUCTION;[];[]
PLANETROCKWINTER’SEND2022INPHOTOSWITHSMITH/KOTZEN,WAYWARDSONSANDPHILCAMPBELL;[];[]
PLANETROCKDEFLEPPARDTEASEBIGANNOUNCEMENTONDIAMONDSTARHALOSWEBSITE;[];[]
PLANETROCKBLACKSPIDERS'NEWSONGISINSPIREDBYMATTHEWMCCONAUGHEYARMWRESTLINGSATAN-LISTEN;[];[]
PLANETROCKWHENRIVERSMEETANNOUNCEDEBUTLIVEALBUM,THEFLYINGFREETOURLIVE;[];[]
PLANETROCKOZZYOSBOURNE'SCOMMONWEALTHGAMESPERFORMANCECAMETOGETHERINJUSTSIXDAYS;[];[]
PLANETROCKLEDZEPPELINMEMBERSDISAGREEDOVERLAUNCHINGABBA-STYLEAVATARACT;['ABBA', 'Avatar'];[]
PLANETROCKCHADKROEGEREXPLAINSWHYHE'STHANKFULFORNICKELBACKHATERS;[];[]
PLANETROCKPLANETROCKPRESENTSWINTER'SEND2023DAYTICKETSONSALENOW;[];[]
PLANETROCKKISSANNOUNCESUPPORTACTSFORFINALUKTOUR;[];[]
PLANETROCKGUNSN'ROSESANNOUNCESUMMER2023UK&EUROPEANTOUR;[];[]
PLANETROCKDEFLEPPARD'SJOEELLIOTTSAYSHISTRADEMARKPYROMANIA-ERALOOKWASPURELYACCIDENTAL;[];[]
PLANETROCKIRONMAIDENLAUNCH10%TROOPERXIMPERIALSTOUTTOCELEBRATE10THANNIVERSARYOFTROOPERBEER;[];[]
PLANETROCKDOWNLOADFESTIVALWANTSYOUTORENAMETHEIRSECONDSTAGE;[];[]
PLANETROCKBLAZEBAYLEY'SMANAGEMENTSHARESTATEMENTUPDATINGFANSONHISHEALTH;[];[]
PLANETROCKDOLLYPARTONMAKESROCKANDROLLHALLOFFAMEU-TURN;[];[]
PLANETROCKJUDASPRIESTANNOUNCEMARCH2024UK&IRELANDTOURWITHSAXONANDURIAHHEEP;[];[]
PLANETROCKPETEWATERMAN:SHELVEDJUDASPRIESTCOLLABORATIONWOULDHAVEBEENSTOCKAITKENWATERMAN'S'BIGGEST'HIT;[];[]
PLANETROCKSUNDAYATDOWNLOADFESTIVAL2023INPHOTOS;[];[]
PLANETROCKSEXPISTOLS/GENERATIONXSUPERGROUPGENERATIONSEXCONFIRMDEBUTHEADLINEUKSHOW;[];[]
PLANETROCKJUDASPRIESTDITCHLEATHER,STUDSANDMOTORBIKEFORBERLINCONCERT-PHOTOS;[];[]
PLANETROCKAC/DCTEASETHEIRFIRSTLIVESHOWINSEVENYEARS-WATCH;['AC/DC'];[]
PLANETROCKAEROSMITH'SSTEVENTYLERWITHDRAWSFROMFEBRUARYEVENTDUETOONGOINGHEALTHCONCERNS;['Aerosmith'];['Steven Tyler']
PLANETROCKROGERWATERSHASRE-RECORDEDPINKFLOYD'S'THEDARKSIDEOFTHEMOON'BYHIMSELF;[];[]
PLANETROCKSTONEDEADFESTIVAL2023REVIEWANDPHOTOSFT.BLUEÖYSTERCULT,BLACKSTARRIDERS,THERAPY?&MORE;[];[]
PLANETROCKARESLIPKNOTHEADLININGDOWNLOADFESTIVAL2023?COREYTAYLORRESPONDS;[];[]
PLANETROCKGHOSTPREMIERECOVEROFIRONMAIDEN'S'PHANTOMOFTHEOPERA'-LISTEN;[];[]
PLANETROCKIRONMAIDEN'SREPLICASPITFIREMALFUNCTIONSATUSCONCERT–WATCH;[];[]
PLANETROCKFOOFIGHTERSREVEALJOSHFREESEASTHEIRNEWDRUMMER;[];[]
PLANETROCKU2ANNOUNCEAUTUMN2023'ACHTUNGBABY'LIVESHOWSWITHOUTLARRYMULLENJR.;[];[]
PLANETROCKGRAHAMNASHANNOUNCESUKTOURDATES;[];[]
PLANETROCKRICKWAKEMANANNOUNCESGRUMPYCHRISTMASSTOCKINGTOUR2022;[];[]
PLANETROCKWATCHSHANEHAWKINSPERFORMTWOSONGSWITHFOOFIGHTERSATLATAYLORHAWKINSTRIBUTE;[];[]
PLANETROCKDOWNLOADFESTIVALSTARTSTEASINGBIG20THANNIVERSARYANNOUNCEMENT;[];[]
PLANETROCKTHEGREATESTROCKSONGSOFALLTIME;['AC/DC'];[]
PLANETROCKWHITESNAKECANCELANOTHERCONCERTDUETODAVIDCOVERDALE'SILLNESS;[];[]
PLANETROCKLISTENTONITASTRAUSS'HEAVYNEWSONG'WINNERTAKESALL'FEATURINGALICECOOPER;['Alice Cooper'];['Alice Cooper']
PLANETROCKPHOTOS:THURSDAYATPLANETROCKSTOCK2022;['Alcatrazz'];['Graham Bonnet']
PLANETROCKSHARONOSBOURNESAYSSHE'NEVERLETSOZZYGOTOAWARDSHOWS';[];[]
PLANETROCKFLORENCEBLACKUNLEASHRIFF-HEAVYNEWSONG'STARTAGAIN'–WATCH;[];[]
PLANETROCKPAULDI'ANNOGIVESFRESHVERDICTONGHOST'SCOVEROFIRONMAIDEN'S'PHANTOMOFTHEOPERA';[];[]
PLANETROCKWATCHNITASTRAUSSMAKESURPRISELIVERETURNWITHALICECOOPER;['Alice Cooper'];['Alice Cooper']
PLANETROCKSTEELHOUSEFESTIVAL2023REVIEWFT.BLACKSTONECHERRY,AIRBOURNE,KRISBARRASBANDANDMORE;['Airbourne'];[]
PLANETROCKSATURDAYATDOWNLOADFESTIVAL2022–PLANETROCKROUNDUP;[];[]
PLANETROCKJOHNLYDONSLAMS'DISGUSTING'AND'AWFUL'EUROVISION;[];[]
PLANETROCKQUEENANDJOURNEYSONGSIMMORTALISEDINNATIONALRECORDINGREGISTRY;[];[]
PLANETROCKFRIDAYATDOWNLOADFESTIVAL2022;[];[]
PLANETROCKBLACKSABBATHTOREISSUE'HEAVENANDHELL'AND'MOBRULES'WITHUNRELEASEDTRACKS;[];[]
PLANETROCKDEFLEPPARDONCOURSEFORHIGHESTCHARTINGUKALBUMIN30YEARS;[];[]
PLANETROCKGUNSN'ROSES''NOVEMBERRAIN'VIDEOSURPASSES2BILLIONVIEWSONYOUTUBE;[];[]
PLANETROCKROCK&ROLLHALLOFFAMEREFUSESTOREMOVEDOLLYPARTONFROMTHEBALLOT;[];[]
PLANETROCKSAXONUNLEASHTHEIRCOVEROFNAZARETH'S'RAZAMANAZ'FROM'MOREINSPIRATIONS'ALBUM;[];[]
PLANETROCKBRIANMAYINSISTSFREDDIEMERCURYWOULDHAVEWANTEDQUEENTOGOONWITHADAMLAMBERT;['Adam Lambert'];[]
PLANETROCKUNEARTHEDFREDDIEMERCURYLYRICSHEETSREVEALORIGINALTITLEOFQUEEN'S'BOHEMIANRHAPSODY';[];[]
PLANETROCKPAULSTANLEYRESPONDSTOKISS'HATERS'ANDINSISTSTHEBANDARE'FARFROMDONE';[];[]
PLANETROCKIRONMAIDEN'SNICKOMCBRAINREVEALSHESUFFEREDSTROKE;[];[]
PLANETROCKMYLESKENNEDYREVEALSHISBIGGESTREGRETABOUTHISLEDZEPPELINJAMSESSIONS;['Alter Bridge'];['Myles Kennedy']
PLANETROCKJUDASPRIESTTOTOURASRELENTLESSFOUR-PIECEHEAVYMETALBAND;[];[]
PLANETROCKKISSTORELEASEMONSTERSOFROCKOFFICIALBOOTLEGLIVEATDONINGTON1996;[];[]
PLANETROCKLIONELRICHIEMAKESCAMEOINFOOF;[];[]
PLANETROCKMÖTLEYCRÜE'SNIKKISIXXJOINSRAFTOFBIGNAMESONDOLLYPARTON'SROCKALBUM;[];[]
PLANETROCKJOHNFOGERTYACQUIRESRIGHTSTOCREEDENCECLEARWATERREVIVAL'SSONGSAFTER50YEARS;[];[]
THENEWYORKTIMESMARKLANEGAN,SCREAMINGTREESANDQUEENSOFTHESTONEAGESINGER,DIESAT57;[];[]
THENEWYORKTIMESRAYCORDEIRO,AVOICEONHONGKONG’SAIRWAVESFOR70YEARS,DIESAT98;[];[]
THENEWYORKTIMESLAURENDAIGLE,ACHRISTIANMUSICSUPERSTAR,ISREADYFORABIGGERTENT;[];[]
THENEWYORKTIMESAT81,ANN-MARGRETISFINALLYLIVINGHERROCK’N’ROLLDREAM;[];[]
THENEWYORKTIMESSEANPAULISSTILLBUSY;[];[]
THENEWYORKTIMESLILYALLEN’SSECONDACT;[];[]
THENEWYORKTIMESCHRISBAILEY,WHOGAVEAUSTRALIAPUNKROCK,DIESAT65;[];[]
THENEWYORKTIMESSTEVELACY’SSTREAMINGSMASH‘BADHABIT’CLIMBSTONO.1;[];[]
THENEWYORKTIMESTHECASEOFTHE$5,000SPRINGSTEENTICKETS;[];[]
THENEWYORKTIMES‘WELOSTOURMIRACLEBABY,’BRITNEYSPEARSSHARES;[];[]
THENEWYORKTIMESWHATHAPPENSWHENAPOPSTARISN’TTHATPOPULAR?;[];[]
THENEWYORKTIMESDOLLYPARTONGOESARENAROCK,AND9MORENEWSONGS;[];[]
THENEWYORKTIMESHARRYSTYLESTRIESONSYNTH-POP,AND13MORENEWSONGS;[];[]
THENEWYORKTIMESABAND’SFIRSTU.S.TOURSTARTSWITHARITEOFPASSAGE:GETTINGROBBED;[];[]
THENEWYORKTIMESSZA’S‘SOS’HOLDSOFFTAYLORSWIFTFORAFOURTHWEEKATNO.1;[];[]
THENEWYORKTIMESOPINION|TRUMP’SSHADOWOVERTHEREPUBLICANDEBATE;[];[]
THENEWYORKTIMESRECORDEXECUTIVE’SARTCOLLECTIONTOBEAUCTIONEDATSOTHEBY’SINMAY;[];[]
THENEWYORKTIMESBJÖRK,STILLUSINGSTYLETOCAPTIVATE;[];[]
THENEWYORKTIMESBEYONCé’S‘BREAKMYSOUL’ANDTHELONGTAILOF‘SHOWMELOVE’;[];[]
THENEWYORKTIMES‘CONAN,’‘GOODFELLAS’ANDMTV:HOWTONYBENNETTREVIVEDHISCAREER;[];[]
THENEWYORKTIMESJONZAZULA,EARLYPROMOTEROFHEAVYMETAL,DIESAT69;[];[]
THENEWYORKTIMESOMICRONDENTEDTOURISMJUSTASVISITORSWERESTARTINGTORETURN;[];[]
THENEWYORKTIMESTHEBESTOFTAYLORSWIFT’SERASTOUROPENERS;[];[]
THENEWYORKTIMESFRANKOCEANSHOWSUSAMOREHUMANWAYTOPERFORM;[];[]
THENEWYORKTIMESFINDINGNEWMEANINGINTIMELESSMUSIC;[];[]
THENEWYORKTIMESFORGRAMMYNOMINEEROGéTCHAHAYED,POPISN’TFARFROMMOZART;[];[]
THENEWYORKTIMESSONYMUSICBUYSBOBDYLAN’SRECORDEDMUSIC;[];[]
THENEWYORKTIMESHARRYSTYLESISSTILLADREAMYCIPHERONHISTHIRDLP,‘HARRY’SHOUSE’;[];[]
THENEWYORKTIMESARTRUPE,WHOBROUGHTRHYTHMANDBLUESTOTHEMAINSTREAM,DIESAT104;[];[]
THENEWYORKTIMESJOSELLANA(A.K.A.FERDINANDMARCOS)MAKESAHOMEINTHEHAMPTONS;[];[]
THENEWYORKTIMESDAVIDBYRNE’S‘HERELIESLOVE’REACHESDEALWITHBROADWAYMUSICIANS;[];[]
THENEWYORKTIMESHAYLEYKIYOKOREVSUPWITHARCADEFIREANDCHILLSOUTTO‘FRIENDS’;['Arcade Fire'];[]
THENEWYORKTIMESGLAIVEFLEXESTHELESSHYPERSIDEOFHISPOP,AND13MORENEWSONGS;[];[]
THENEWYORKTIMESROSALÍAANDRAUWALEJANDRO’SLOVETRILOGY,AND8MORENEWSONGS;[];[]
THENEWYORKTIMESFUZZYHASKINS,WHOHELPEDTURNDOO-WOPINTOP-FUNK,DIESAT81;[];[]
THENEWYORKTIMESNICKIMINAJRETURNSREADYTORUMBLE,AND8MORENEWSONGS;[];[]
THENEWYORKTIMESSHAKIRAANDOZUNA’SBREAKUPBACHATA,AND7MORENEWSONGS;[];[]
THENEWYORKTIMESJONIMITCHELLRECLAIMSHERVOICEATNEWPORT;[];[]
THENEWYORKTIMESANTONFIER,DRUMMERWHOLEFTSTAMPONADOWNTOWNSCENE,DIESAT66;[];[]
THENEWYORKTIMESOLIVIANEWTON-JOHN:THATHEADBANDWASACROWN;[];[]
THENEWYORKTIMESJERRYALLISON,WHOPLAYEDDRUMSWITHBUDDYHOLLY,DIESAT82;[];[]
THENEWYORKTIMESAREVIVALOF‘THEWHO’STOMMY’SEEKSANEWGENERATIONOFFOLLOWERS;[];[]
THENEWYORKTIMES‘THEIDOL’SEASONFINALERECAP:WHATWASTHEPOINT?;[];[]
THENEWYORKTIMESDAVIDBOWIE,ANDHISPERSONAS,WILLLIVEONATVICTORIAANDALBERTMUSEUM;[];[]
THENEWYORKTIMESTHEENDLESSPOPSHIMMERSOFTHEWEEKND;[];[]
THENEWYORKTIMESRECORDSHOPPINGINNEWJERSEY:APLAYLISTFROMAFRESHHAUL;[];[]
ULTIMATECLASSICROCKTHEWHOFOUND‘CALMNESS’AFTERRETURNTOCINCINNATI;[];[]
ULTIMATECLASSICROCKKIRKHAMMETTLAMENTSMETALLICA’SSLOWALBUMPROGRESS;[];[]
ULTIMATECLASSICROCKWATCHTEASERTRAILERFORUPCOMING'ELVIS'MOVIE;[];[]
ULTIMATECLASSICROCKJOURNEYIGNORESDRAMAAT2023TOUROPENER;[];[]
ULTIMATECLASSICROCKSTEVEHACKETTFEAREDFANSWOULDN’T'BUYINTO''SUPPER'SREADY';[];[]
ULTIMATECLASSICROCKFEBRUARY2022NEWMUSICRELEASES;[];[]
ULTIMATECLASSICROCKHOWTHEPOLICEWENT‘AROUNDTHEWORLD’:EXCLUSIVEINTERVIEW;[];[]
ULTIMATECLASSICROCKRUSHANNOUNCEMAMMOTH'MOVINGPICTURES'DELUXEREISSUE;[];[]
ULTIMATECLASSICROCKGRATEFULDEADANNOUNCES'HERECOMESSUNSHINE1973'BOXSET;[];[]
ULTIMATECLASSICROCKHOWSTEVEPERRYGOTINVOLVEDINTHENEW'STRANGERTHINGS'TRAILER;[];[]
ULTIMATECLASSICROCKFUNKBROTHERSGUITARISTJOEMESSINADEADAT93;[];[]
ULTIMATECLASSICROCKWINATRIPTOSEETHEDOOBIEBROTHERSINLASVEGAS;[];[]
ULTIMATECLASSICROCKGEEZERBUTLERSUPERGROUPDEADLANDRITUALENDEDWHEN'REALITYHIT';[];[]
ULTIMATECLASSICROCKOZZYOSBOURNE'SLONG,HARDROADTO'PATIENTNUMBER9';[];[]
ULTIMATECLASSICROCKSOUNDOFPHILADELPHIAPRODUCERTHOMBELLDEADAT79;[];[]
ULTIMATECLASSICROCKMICHAELSCHENKER:OZZY'WOULDHAVEBEENSORRY'WITHHIMINBAND;[];[]
ULTIMATECLASSICROCKPETESEARSSAYSRODSTEWARTDIDN'TEXPECT'MAGGIEMAY'TOHIT;[];[]
ULTIMATECLASSICROCKTHIRDEYEBLINDSINGERSAYS‘PAMANDTOMMY’MOMENTDIDN’THAPPEN;[];[]
ULTIMATECLASSICROCKBILLYSHEEHANWASN'TONDLR'SKYSCRAPER'TOURBUTHISVOICEWAS;[];[]
ULTIMATECLASSICROCKWHENBRIANMAYFIRSTHEARDEDDIEVANHALEN:'WHOA,WHATISTHIS?';[];[]
ULTIMATECLASSICROCKSLYSTONETORELEASEMEMOIRINTHEFALL;[];[]
ULTIMATECLASSICROCKLISTENTODAVEGROHL'S'DREAMWIDOW'EXTREMEMETALEP;[];[]
ULTIMATECLASSICROCKHOWDOLLYPARTONGOTRONNIEVANZANT'SVOICEON'FREEBIRD'COVER;[];[]
ULTIMATECLASSICROCKGETREADYTOROCKOUTWITHMOTLEYCRUEANDDEFLEPPARD;[];[]
ULTIMATECLASSICROCKBILLKREUTZMANNWON'TTAKEPARTINDEADANDCOMPANY’SFINALTOUR;[];[]
ULTIMATECLASSICROCKTAYLORHAWKINSHELPEDJANE'SADDICTION'SCLASSICLINEUPREUNITE;[];[]
ULTIMATECLASSICROCKWHENONEOFSTEVENVANZANDT'SHEROESPULLEDAGUNONHIM;[];[]
ULTIMATECLASSICROCKMICKMARSSAYSMOTLEYCRUEHASTRIEDTOREPLACEHIMSINCE1987;[];[]
ULTIMATECLASSICROCKVITOBRATTAWASMOVEDTOTEARSBYEDDIEVANHALENMEETING;[];[]
ULTIMATECLASSICROCKRAGEAGAINSTTHEMACHINEBASSISTREVEALSCANCERBATTLE;[];[]
ULTIMATECLASSICROCKHOWTAYLORHAWKINS’DEATHAFFECTSPOTENTIALRUSHREUNION;[];[]
ULTIMATECLASSICROCKRICKWAKEMANREVEALSNEWALBUM‘AGALLERYOFTHEIMAGINATION’;[];[]
ULTIMATECLASSICROCKWHENROBHALFORDGAVEGLENNTIPTONABEATINGONSTAGE;[];[]
ULTIMATECLASSICROCKROBERTGORDON,ROCKABILLYREVIVALISTSINGER,DEADAT75;[];[]
ULTIMATECLASSICROCKNITASTRAUSSREJOINSALICECOOPER'SBANDFOR2023SHOWS;['Alice Cooper'];['Alice Cooper']
ULTIMATECLASSICROCKHOWRONNIESPECTORHELPEDEDDIEMONEYSCOREHISBIGGESTHIT;[];[]
ULTIMATECLASSICROCKLISTENTODEPECHEMODE'SNEWSONG,'GHOSTSAGAIN';[];[]
ULTIMATECLASSICROCKSTEWARTCOPELAND,'POLICEDERANGEDFORORCHESTRA':ALBUMREVIEW;[];[]
ULTIMATECLASSICROCKDOOBIEBROTHERSANNOUNCENEW50TH-ANNIVERSARYUSTOURDATES;[];[]
ULTIMATECLASSICROCKPAULCOOKSHARESHISBIGSEXPISTOLSREGRET;[];[]
ULTIMATECLASSICROCKBRUCEDICKINSONRECALLSPLAYINGSHOWTOJUSTONEPERSON;[];[]
ULTIMATECLASSICROCKJIMIHENDRIXBANDMATES’HEIRSSUEOVERSTREAMINGROYALTIES;[];[]
ULTIMATECLASSICROCKLISTENTOPETERGABRIEL'SNEWSONG'SOMUCH';[];[]
ULTIMATECLASSICROCKDURANDURANANNOUNCE2022NORTHAMERICANTOUR;[];[]
ULTIMATECLASSICROCKJOURNEYREUNIONSTIRS50YEARSOFMEMORIESFORGREGGROLIE;[];[]
ULTIMATECLASSICROCKQUEENSRYCHECLAIMSCOTTROCKENFIELDABANDONEDTHEM;[];[]
ULTIMATECLASSICROCK'HOTFORTEACHER'ACTORRECALLSPRIVATESHOWFROMEDDIEVANHALEN;[];[]
ULTIMATECLASSICROCKBATTLEOVERPRINCE’SESTATECOMESTOACLOSE;[];[]
ULTIMATECLASSICROCKJUDASPRIESTIS'WAYLESSSTUPID'NOW,SAYSIANHILL;[];[]
ULTIMATECLASSICROCKDEFLEPPARD,'DRASTICSYMPHONIES':ALBUMREVIEW;[];[]
ULTIMATECLASSICROCKTRIUMPHDOCUMENTARYTOPREMIERENEXTMONTH;[];[]
ULTIMATECLASSICROCKJUDYCOLLINSREVISITSTHEPASTONNEWORIGINALLP,'SPELLBOUND';[];[]
ULTIMATECLASSICROCKDAVIDBOWIE'S'HUNKYDORY'ERAEXPLOREDWITHEXPANSIVEBOXSET;[];[]
ULTIMATECLASSICROCKBEAVISANDBUTT-HEADHITSPACEINTRAILERFORUPCOMINGFILM;[];[]
ULTIMATECLASSICROCKKEITHRICHARDSSAYSSELLINGRIGHTSIS'SIGNOFGETTINGOLD';[];[]
ULTIMATECLASSICROCKJAMESYOUNGLOOKSBACKON50YEARSOFSTYX:EXCLUSIVEINTERVIEW;[];[]
ULTIMATECLASSICROCKSKIDROWBEGANTHINKINGABOUTSINGERERIKGRONWALLFOURYEARSAGO;[];[]
ULTIMATECLASSICROCKBOBDYLANKEEPSADDINGSURPRISINGSONGSTOHISLIVESHOWS;[];[]
ULTIMATECLASSICROCKORIGINALPEARLJAMDRUMMERDAVEKRUSENSITSINATCONCERT;[];[]
ULTIMATECLASSICROCKPETERGABRIELWILLRELEASEANEWSONGEACHFULLMOON;[];[]
ULTIMATECLASSICROCKQUEEN,ELTONJOHN,DURANDURANPLAYQUEENELIZABETHJUBILEESHOW;[];[]
ULTIMATECLASSICROCKTHEGUESSWHOTRIEDTOFORCETHEWHOTOCHANGETHEIRNAME;[];[]
ULTIMATECLASSICROCKCHARLIEBROWNVOICEACTORPETERROBBINSDEADAT65;[];[]
ULTIMATECLASSICROCKREPLACEMENTSANNOUNCE'TIM:LETITBLEEDEDITION';[];[]
ULTIMATECLASSICROCKJOEBIDENVOWSTOTAKEONCONCERTTICKET'JUNKFEES';[];[]
ULTIMATECLASSICROCKLOUGRAMM'CAN’TGETACOPY'OFHISUNRELEASEDFOREIGNERSONGS;[];[]
ULTIMATECLASSICROCKBOBDYLANAPOLOGIZESFORFAKEDBOOKSIGNATURES;[];[]
ULTIMATECLASSICROCKBONO'S'SURRENDER'MEMOIRWILLHIGHLIGHT40U2SONGS;[];[]
ULTIMATECLASSICROCKBONSCOTT'NEVERWORRIEDABOUTTOMORROW,'BROTHERSAYS;['AC/DC'];['Bon Scott']
ULTIMATECLASSICROCKLYNYRDSKYNYRDSAYS'MAYBEWEWEREWRONG'ABOUTRETIRING;[];[]
ULTIMATECLASSICROCKSUM41'SLIFE-CHANGINGPERFORMANCEWITHROBHALFORDANDTOMMYLEE;[];[]
ULTIMATECLASSICROCKMICHAELANTHONY:SCRAPPED'VHIII'SEQUELHAD'REALLYGOOD'SONGS;[];[]
ULTIMATECLASSICROCKMR.BIGANNOUNCESFAREWELLTOUR,'THEBIGFINISH';[];[]
ULTIMATECLASSICROCKAPRIL2022NEWMUSICRELEASES;[];[]
ULTIMATECLASSICROCKWHYTHEDOOBIEBROTHERSARECOVERINGSTEELYDAN'S'PRETZELLOGIC';[];[]
ULTIMATECLASSICROCKMCCARTNEY,HYNDEJOINFOOFIGHTERSATHAWKINSTRIBUTECONCERT;[];[]
ULTIMATECLASSICROCKBRUCESPRINGSTEENPLAYSWITHOUTTHREEESTREETBANDMEMBERS;[];[]
ULTIMATECLASSICROCKDAVEGROHLRETURNSTOTHESTAGEWITHMCCARTNEYANDSPRINGSTEEN;[];[]
ULTIMATECLASSICROCKA10%STAKEINLEDZEPPELIN'SCATALOGISFORSALE;[];[]
ULTIMATECLASSICROCKROBERTTRUJILLOWILLPUTKIRKHAMMETT’SEPTHROUGHVINYLCEREMONY;[];[]
ULTIMATECLASSICROCKKANSASANNOUNCES50THANNIVERSARYTOUR;[];[]
ULTIMATECLASSICROCKROBERTFRIPPRECALLSJIMIHENDRIX'STWOCOMPLIMENTS;[];[]
ULTIMATECLASSICROCKBOBDYLANSELLSMASTERSESTIMATEDTOBEWORTH$200MILLION;[];[]
ULTIMATECLASSICROCKWILLIENELSONANNOUNCESTOURWITHZZTOP,JASONISBELLANDMORE;[];[]
ULTIMATECLASSICROCKHEARROGERWATERS'HAUNTINGNEWVERSIONOF'COMFORTABLYNUMB';[];[]
ULTIMATECLASSICROCKHEARALICECOOPER'SRAUCOUSNEWSINGLE'WELCOMETOTHESHOW';['Alice Cooper'];['Alice Cooper']
ULTIMATECLASSICROCKLINDSEYBUCKINGHAMANNOUNCESFALLUSTOURDATES;[];[]
ULTIMATECLASSICROCKFLEAREVEALSWHYHEDOESN’TLIKEFANSASKINGFORPHOTOS;[];[]
ULTIMATECLASSICROCKRICHIEFAULKNERTOUREDWHILEWAITINGFORSECONDHEARTSURGERY;[];[]
ULTIMATECLASSICROCKBOWIE'S'ZIGGYSTARDUST'GETSREGGAEMAKEOVERONNEWTRIBUTELP;[];[]
ULTIMATECLASSICROCKMOTLEYCRUE'SVINCENEILJOINSCLASSLESSACTONNEWSONG;[];[]
ULTIMATECLASSICROCKKANSAS'PHILEHARTON50YEARS:'NOTREADYTOHANGITUPYET';[];[]
ULTIMATECLASSICROCKGENESIS,'BBCBROADCASTS':ALBUMREVIEW;[];[]
ULTIMATECLASSICROCKROYHARPERRECALLSWATCHINGLEDZEPPELINBECOMEA'MONSTER';[];[]
ULTIMATECLASSICROCKMICHAELANTHONYSAYSHE'SBEENINVANHALENTRIBUTETOURTALKS;[];[]
ULTIMATECLASSICROCK7TEAR-JERKINGMOMENTSFROMTHETAYLORHAWKINSTRIBUTECONCERT;[];[]
ULTIMATECLASSICROCKRALPHMACCHIORECALLS'KARATEKID''ROCKY'CROSSOVERIDEA;[];[]
ULTIMATECLASSICROCK20YEARSAGO:THEBLACKKEYSPLAYTHEIRFIRSTCONCERT;[];[]
ULTIMATECLASSICROCKWARRENZEVON'SCHILDRENREACTTOHISROCKHALLNOMINATION;[];[]
ULTIMATECLASSICROCKOZZYOSBOURNEANDJOANJETTWILLAPPEARINWORKDAYSUPERBOWLAD;[];[]
ULTIMATECLASSICROCKSTATUEOFAC/DC'SBRIANJOHNSONUNVEILEDINBELGIUM;['AC/DC'];['Brian Johnson']
ULTIMATECLASSICROCKROCKHALLCURATORALLEGEDLYTRIEDTOSELLSTOLENEAGLESLYRICS;[];[]
ULTIMATECLASSICROCKWATCHIRONMAIDEN'SPROPPLANEMALFUNCTIONDURING'ACESHIGH';[];[]
ULTIMATECLASSICROCKWATCHNINEINCHNAILSCOVERTWODAVIDBOWIESONGSATTOUROPENER;[];[]
ULTIMATECLASSICROCKWATCHBILLYJOELANDBILLYGIBBONSBLAZETHROUGHZZTOPSONGS;['Attila'];['Billy Joel']
ULTIMATECLASSICROCKDEFLEPPARDGOESCLASSICALWITH'DRASTICSYMPHONIES'ALBUM;[];[]
ULTIMATECLASSICROCKJOHN5'SROCKCREDENTIALS:FROMDAVIDLEEROTHTOMOTLEYCRUE;[];[]
ULTIMATECLASSICROCKFLEATOCELEBRATEHOWPEOPLEFALLINLOVEWITHMUSIC;[];[]
ULTIMATECLASSICROCKEARLYMETALLICACOLLABORATOR’S'HITTHELIGHTS'REGRET;[];[]
ULTIMATECLASSICROCKMICKFLEETWOOD'SHAWAIIRESTAURANTDESTROYEDINMAUIFIRE;[];[]
ULTIMATECLASSICROCKSTEVEJONESDIDN’TKNOWWHATTHEWORD'ANARCHY'MEANT;['Angel Witch'];['Steve Jones']
ULTIMATECLASSICROCKLIVENATIONBOSSSAYSTICKETINGTRADEISAN'EASYTARGET';[];[]
ULTIMATECLASSICROCKALICECOOPERNAMESTHREEBANDSEVERYYOUNGMUSICIANSHOULDHEAR;['Alice Cooper'];['Alice Cooper']
ULTIMATECLASSICROCKBLACKIELAWLESS:'THOUGHTSOFRETIREMENTJUSTDON'TAPPEALTOME';[];[]
ULTIMATECLASSICROCKJONIMITCHELLLEAVINGSPOTIFY‘INSOLIDARITYWITHNEILYOUNG’;[];[]
ULTIMATECLASSICROCKWATCHMAMMOTHWVHROCKBATTLEOFTHEBANDSIN'I'MALRIGHT'VIDEO;[];[]
ULTIMATECLASSICROCKMUSICINDUSTRYIS'CRIMINALENTERPRISE'SAYSJAYJAYFRENCH;[];[]
ULTIMATECLASSICROCKTOOLRESUMETOURING:SETLISTANDVIDEO;[];[]
ULTIMATECLASSICROCKRUSH’SALEXLIFESONREVEALSWEIRDPRE-SHOWJAMSWITHPRIMUS;[];[]
ULTIMATECLASSICROCKHOWGEORGEHARRISONFOILEDONEOFSLASH’SMUSICALAMBITIONS;[];[]
ULTIMATECLASSICROCKROGERDALTREYADMITSTHEWHOWERE'TOOF----INGLOUD';[];[]
ULTIMATECLASSICROCKHOWKENNYLOGGINSBECAMETHESOUNDTRACKKING;[];[]
ULTIMATECLASSICROCKPETERGABRIELANNOUNCESNORTHAMERICANTOUR;[];[]
ULTIMATECLASSICROCKLEGENDARYSAXOPHONISTWAYNESHORTERDEADAT89;[];[]
ULTIMATECLASSICROCKJOHNMELLENCAMPREFUSESTOBEAHUMANJUKEBOX;[];[]
ULTIMATECLASSICROCKWATCHGUNSN'ROSES'NEWLIVE1991VIDEOFOR'YOUCOULDBEMINE';[];[]
ULTIMATECLASSICROCKALICECOOPERSAID'NOOVERDUBS'ONNEWALBUMWITHTOURINGBAND;['Alice Cooper'];['Alice Cooper']
ULTIMATECLASSICROCKSUSANNAHOFFS,'THEDEEPEND':ALBUMREVIEW;[];[]
ULTIMATECLASSICROCKROCKHALLBOSSCALLS2023NOMINATIONLISTEXCITINGANDFUN;[];[]
ULTIMATECLASSICROCKMIKECAMPBELLREUNITESWITHHEARTBREAKERSDRUMMERSTANLYNCH;[];[]
ULTIMATECLASSICROCKCOULDMARVINGAYEHELPSAVEASPECIESOFMONKEYS?;[];[]
ULTIMATECLASSICROCKMICKJAGGERTESTSPOSITIVEFORCOVID-19,STONESCONCERTPOSTPONED;[];[]
ULTIMATECLASSICROCKROLLINGSTONESALBUMADDETAILSCONFIRMEDBYUKNEWSPAPEREDITOR;[];[]
ULTIMATECLASSICROCKDAVIDCROSBYWASPREPPINGTOURRETURN:‘HEHADN’TLOSTHISFIRE’;[];[]
ULTIMATECLASSICROCKTURTLES'MARKVOLMANREVEALSDEMENTIADIAGNOSIS;[];[]
ULTIMATECLASSICROCKDAVIDLEEROTHTEASESRETURNFORVANHALENTRIBUTEPROJECT;[];[]
ULTIMATECLASSICROCKTHESTORYOF‘JANE,’JEFFERSONSTARSHIP’STRACKIN‘COCAINEBEAR’;[];[]
ULTIMATECLASSICROCKWATCHROGERWATERS’HEATEDTVARGUMENTOVER'COMMUNICATING';[];[]
ULTIMATECLASSICROCKPAULMCCARTNEYADMIRESHOWJOHNLENNONDEALTWITH‘TRAGICLIFE’;[];[]
ULTIMATECLASSICROCK'WILD'MICKBROWNREVEALSWHYHEQUITDRUMMINGTWOYEARSAGO;[];[]
ULTIMATECLASSICROCKHOWCHRISTINEMCVIEFINALLYCOMPLETEDA'REAL'SOLODEBUT;[];[]
ULTIMATECLASSICROCKMICKMARSCLAIMSMOTLEYCRUEISRIPPINGHIMOFFINNEWLAWSUIT;[];[]
ULTIMATECLASSICROCKDAVIDGILMOURANDTHEORBANNOUNCE'METALLICSPHERESINCOLOUR';[];[]
ULTIMATECLASSICROCKANNWILSON’SOFFERTOFRONTLEDZEPPELINWASMETWITH'CRICKETS';[];[]
ULTIMATECLASSICROCKMETALLICADELIVERON'NOREPEATWEEKEND'VOW:VIDEO,SETLIST;[];[]
ULTIMATECLASSICROCKBILLWYMANREPORTEDLYPERFORMSONNEWROLLINGSTONESSTUDIOALBUM;[];[]
ULTIMATECLASSICROCKEARTH,WINDANDFIRESAXOPHONISTANDREWWOOLFOLKDEADAT71;[];[]
ULTIMATECLASSICROCKPETERGABRIELDETAILSREMIXRELEASEPLANSFOR'I/O'SONGS;[];[]
ULTIMATECLASSICROCKRANDYNEWMANPOSTPONESTOURBECAUSEOFBROKENNECK;[];[]
ULTIMATECLASSICROCKOZZYOSBOURNE'S'COLDSHIVER'AFTERBEINGTOLDOFCABLECARSTUNT;[];[]
ULTIMATECLASSICROCKTHESMILE,'ALIGHTFORATTRACTINGATTENTION':ALBUMREVIEW;[];[]
ULTIMATECLASSICROCKACEFREHLEYGOTA'F---YOU'BUTNOAPOLOGYFROMPAULSTANLEY;[];[]
ULTIMATECLASSICROCKEURYTHMICSCELEBRATEROCKANDROLLHALLOFFAMEINDUCTION;[];[]
ULTIMATECLASSICROCK'PAMANDTOMMY'STARSEBASTIANSTAN'SDRUMSTICKBATTLE;[];[]
ULTIMATECLASSICROCKWHENBOBSAGETCRASHEDAROCKCONCERT;[];[]
ULTIMATECLASSICROCKWHYCHARLIEWATTSWASLASTTOJOINROLLINGSTONESEND-OF-SHOWBOW;[];[]
ULTIMATECLASSICROCKHEAROZZYOSBOURNE'S'DEGRADATIONRULES'FEATURINGTONYIOMMI;[];[]
ULTIMATECLASSICROCKDURANDURANANNOUNCESNEWALBUM,'DANSEMACABRE';[];[]
"LOUDEREX-SEXPISTOLGLENMATLOCKSHARESHISANGERATTORYBREXIT""COCKUP"":""IWOULDLIKETOSEETHEIRHEADSONSTICKS""";[];[]
LOUDERSOUNDWILLOW'SNEWSINGLEPURGEISSURPRISINGLYINTENSEANDHEAVYANDWE'REHEREFORIT;[];[]
LOUDERSOUNDTOYAHBEATSAUBERGINESANDWEARSABASKETONHERHEADINLATESTBROADCASTWITHROBERTFRIPP;[];[]
LOUDERI’MAWHISKYGEEKWHOHASTOOMANYBOTTLES,BUTI'MALLINONTHESEPRIMEDAYBOOZEBARGAINS;[];[]
"LOUDERSOUNDSTEVIENICKSONVLADIMIRPUTIN:""THISISHITLERCOMINGBACKTOHAUNTUS""";[];[]
LOUDERSOUNDVONHERTZENBROTHERSANNOUNCEDFORSTEELHOUSEFESTIVAL;[];[]
LOUDERBABYMETALWANTTOCOLLABORATEWITHRAMMSTEIN,MANESKINANDTHEBACKSTREETBOYS(ANDHAVEALREADYSPOKENTOONEOFTHEM);[];[]
LOUDERSOUNDCLOWNSTOTHELEFT,JOKERSTOTHERIGHT:HERE'SHOWTHEROCKWORLDSPENTTHEIRHALLOWEEN;[];[]
LOUDERSOUNDLETTHEMUSICFLOWWITH3MONTHSOFTIDALHIFIPLUSFORONLY$2/£2;[];[]
LOUDERSOUNDTHERASMUSMAKEITTHROUGHTOEUROVISION2022GRANDFINAL;[];[]
"LOUDERSOUNDKATEBUSHFANSAROUNDTHEGLOBE
CELEBRATEKATEBUSHWHILEDRESSEDASKATEBUSH";[];[]
LOUDERSOUNDALTERBRIDGEANNOUNCEHUGEEUROPEAN/UKWINTERTOUR;['Alter Bridge'];[]
LOUDERSOUNDPENDRAGONCANCELALL2022TOURDATES;[];[]
LOUDERSOUNDIRONMAIDENRELEASEVIDEOTHANKINGFANSFORTHESUCCESSOFTHELEGACYOFTHEBEASTTOUR;[];[]
LOUDERSOUNDGEDDYLEETOSTARINTVSMURDOCHMYSTERIES;[];[]
LOUDERSOUNDATLAST!THATOZZYOSBOURNEGINYOU'VEBEENDESPERATETOORDERISAVAILABLE;[];[]
LOUDERSOUNDHRHPROGXIIIRESCHEDULESTOSHEFFIELDIN2023;[];[]
LOUDERGRETAVANFLEETLAUNCHNEWALBUMSTARCATCHERWITHEPICMEETINGTHEMASTERSINGLE;[];[]
LOUDERLISTENTOPETERGABRIEL'SPOIGNANTLYREFLECTIVENEWSINGLESOMUCHHERE;[];[]
LOUDERSOUNDISBLACKMETALWITHOUTDISTORTIONJUSTSURFROCK?YES,ANDTHISGUITARISTPROVESIT;[];[]
LOUDERSOUNDTHATJOEPAYNEREVEALSVIDEOTRAILERFORNEWXMASALBUM;[];[]
LOUDERTHESEMETALGHOSTPRINTSHITUSHARDERTHANASQUAREHAMMER;[];[]
LOUDERSOUNDJAMESHETFIELDRECENTLYGAVEFRANKCARTERSOMETOMJONES-APPROVEDTHROATSWEETSINTHEMIDDLEOFAMETALLICASHOW;[];[]
"LOUDERSOUNDPANTERAREUNIONIS""GREATFORMETAL""";['Anthrax'];['Frank Bello']
LOUDERALL-STARJEFFBECKTRIBUTESHOWLINEDUPFORTHEROYALALBERTHALL;[];[]
"LOUDERSOUNDWOLFGANGVANHALENSUGGESTSVHREUNIONISOFFTHETABLE,SAYSFORMERMEMBERSARETOO""DYSFUNCTIONAL""TOORGANISEITANYWAY";[];[]
"LOUDERKISS'PAULSTANLEYOFFERSSOMELIFEGOALSADVICE:""IFYOUCHOOSETOPURSUESOMETHINGTHAT'SOUTOFREACH,YOU'REANIDIOT""";[];[]
LOUDERMIRANDASEXGARDENANNOUNCEUKTOUR;[];[]
LOUDERSOUNDPEARLJAM'SEDDIEVEDDERWASONCEPUNCHEDINTHEFACEBYPAULMCCARTNEY,ANDKINDALIKEDIT;[];[]
LOUDERWATCHKELLYCLARKSONNAILWHITESNAKE'SHEREIGOAGAIN;[];[]
LOUDERSOUNDWATCHLARSULRICH,GEEZERBUTLER,DAVEGROHLANDSEBASTIANBACHTEAMUPFORRIOTOUSBLACKSABBATHCOVERSATTAYLORHAWKINSLATRIBUTESHOW;[];[]
"LOUDERSOUNDJUDASPRIEST'SGLENNTIPTONHITSOUTATKKDOWNINGOVER""CRAZY""ACCUSATIONS";[];[]
LOUDERSOUNDPROGNOSISFESTIVALLAUNCHESUKEVENTFOR2023;[];[]
LOUDERSOUNDWATCHTHEEPICVIDEOFORRAMMSTEIN’SBRANDNEWSINGLEZEIT;[];[]
LOUDERSOUNDROBHALFORDREVEALSTHECHEEKYPRANKTONYIOMMIANDGEEZERBUTLERPLAYEDONHIMWHENHEFRONTEDBLACKSABBATH;[];[]
LOUDERSOUNDCLASSICDAVEGROHLDRUMINTROBLOWSUPONTIKTOK;[];[]
"LOUDERSOUNDALEXLIFESON'SENVYOFNONEANNOUNCE7""SINGLETORAISEMONEYFORUKRAINIANREFUGEES";[];[]
LOUDERSOUNDANEWQUEENSOFTHESTONEAGEALBUMHASALREADYBEENRECORDED;[];[]
LOUDERSOUNDREJOICE!THEROYALMAILHAVELAUNCHEDARANGEOFIRONMAIDENPOSTAGESTAMPS;[];[]
LOUDERSOUNDLISTENTOBRANDNEWPARAMORESONGC’ESTCOMMEÇA;[];[]
LOUDERSOUNDWATCHTHEMURDERCAPITAL'SDRAMATIC,ARTYVIDEOFORNEWSINGLEETHEL;[];[]
"LOUDER""NEITHERJAMESNORBRUCEAREGONNASUCKYOURD**KFORTHIS,LOVE"":HAYLEYWILLIAMSCALLSOUT""INCELINTERNETBROS""AFTERSUGGESTIONSTHATPARAMORE'SENTHUSIASMFORTOURINGCOMPARESBADLYTOMETALLICAANDIRONMAIDEN";[];[]
LOUDERYOUCANRECORDASONGWITHGENESIMMONSATELECTRICLADYSTUDIOSFOR$6000;[];[]
LOUDERGLAMROCKERSSTARBENDERSTACKLEROCK'N'ROLLEXCESSONNEWSINGLEWE'RENOTOKAY,ANNOUNCENEWALBUMTAKEBACKTHENIGHT;[];[]
LOUDERSOUNDPLACEBOBURNDOWNTHEWORLDANDSTARTOVERONNEWSINGLETRYBETTERNEXTTIME;[];[]
LOUDERRAMMSTEIN'STILLLINDEMANNANNOUNCESSOLOHEADLINEEUROPEANTOUR-INCLUDINGAHUGEUKARENADATE;[];[]
LOUDERRIVALSONSCONFIRMLIGHTBRINGERALBUMDETAILS,LAUNCHNEWSINGLESWEETLIFE;[];[]
LOUDERAUDIOPHILELABELMOFITOCOUGHUP$25MILLIONTOSETTLEFRAUDLAWSUIT;[];[]
LOUDERSOUNDCOREYTAYLORANNOUNCESCHARITYLIVESTREAMEVENTHALFSOLDOUT:CMFTLIVEATTHEPALLADIUM;[];[]
LOUDERSOUNDWATCHTHISJAZZDRUMMERABSOLUTELYNAILTOOL'SSCHISMWITHOUTHAVINGEVERHEARDITBEFORE;[];[]
LOUDERSOUNDMACHINEGUNKELLYGOTENGAGEDTOMEGANFOXANDTHENTHEYAPPARENTLYDRANKEACHOTHER'SBLOOD;[];[]
LOUDERSOUNDNAXATRASSTRIKE70SFANTASYVIBEINNEWVIDEOFOROMEGAMADNESS;[];[]
LOUDERRAYALDERSHARESBRANDNEWSOLOTRACKTHISHOLLOWSHELL;[];[]
LOUDERSOUNDWATCHTHISWITTYGENIUSCREATEHISOWNSLIPKNOTSONGUSINGALYRICGENERATORANDSOMESERIOUSGUITARSKILLS;[];[]
LOUDERSOUNDGEEZERBUTLERHASDEFENDEDONEOFBLACKSABBATH'SMOSTMALIGNEDALBUMS;[];[]
LOUDERNICKCAVEANDTHEBADSEEDSLAUNCHWEBSITE,SHARELIVEGIGFOOTAGEINCELEBRATIONOFPUSHTHESKYAWAY'S10THANNIVERSARY;[];[]
LOUDERSOUNDWATCHTHISWOMANMAGICALLYTRANSFORMINTOBRINGMETHEHORIZON'SOLISYKESWITHTHEHELPOFAWIG,MAKEUPAND,ER,FANGS;[];[]
LOUDERSOUNDRAMMSTEINTARGETEDBYRUSSIANTROLLFACTORIESWITHPRO-WARDISINFORMATION;[];[]
"LOUDERSOUNDOZZYIS""DOINGWELL""AFTERMAJORSURGERY";[];[]
LOUDERSOUNDAMETALLICAFANDECIDEDTOGOANDRECORDANEWVERSIONOFKIRKHAMMETT'SSOLOONLUXÆTERNA,ANDIT'SPRETTYIMPRESSIVE;[];[]
LOUDERSOUNDNIGHTWISHSINGERFLOORJANSENREVEALSSHEHASCANCER;[];[]
LOUDERSOUNDWATCHINGTHISHILARIOUSBABYHEADBANGTOIRONMAIDENISALLWENEEDTOFEELTRULYALIVETODAY;[];[]
LOUDERTHEWORLDMIGHTNOTBEREADYFORTHISSASSYBEATLESVSBEYONCEMASH-UP;['Aerosmith'];[]
LOUDERSOUNDBETTYWHITEONCEPERFORMEDAMETALVERSIONOFTHEGOLDENGIRLSTHEMETUNEANDIT'SJUSTABOUTTHEBESTTHINGEVER;[];[]
LOUDERSOUNDDEVINTOWNSENDTURNEDDOWNACHANCETOREPLACEROBHALFORDINJUDASPRIEST;[];[]
LOUDERSOUNDNEWTRAILERFORPREDATORPREQUELPREYPACKSSUSPENSE,ACTIONANDABIGSCARYBEAR;[];[]
LOUDERSOUNDSOMEGENIUSHASCREATEDTHEULTIMATESATURDAYNIGHTSOUNDTRACKBYMASHINGTOGETHERVANHALEN,QUIETRIOTANDFREE;[];[]
LOUDERSOUNDHOUSEOFMARLEYADDTOTHEIRAUDIORANGEWITHNEWREDEMPTIONANC2EARBUDS;[];[]
LOUDERLISTENTOGRETAVANFLEET'SFIERYNEWSINGLETHEFALLINGSKY;[];[]
LOUDERPENGUINCAFERELEASENEWSONGSECONDVARIETYFORPIANODAY;[];[]
"LOUDER""ITWASANUTTERLYRIDICULOUSIDEA"":GEEZERBUTLERONTHEEMBARRASSINGTRUTHBEHINDBLACKSABBATH'SINFAMOUSSTONEHENGESET,THEIRUNFORTUNATE'DEVILBABY'ANDSPINALTAP";[];[]
LOUDERSOUNDLISTENCLOSELYTONICKELBACK'SDIMEBAGDARRELLTRIBUTE,SIDEOFABULLET,ANDYOU'LLHEARAPREVIOUSLYUNRELEASEDSOLOFROMTHELATEPANTERAGUITARIST;[];[]
LOUDERSOUNDHERE'SWHATSAMSMITH'SUNHOLYWOULDSOUNDLIKEIFITWASWRITTENBYGHOST(PRETTYGOOD,ACTUALLY!);[];[]
LOUDERTAKEALOOKINSIDEIRONMAIDEN:THEPAULDI'ANNOYEARS,ANEWPHOTOBOOKCOMINGTHISSUMMER;[];[]
LOUDERSOUNDELDERANNOUNCENEWALBUMINNATEPASSAGEFORNOVEMBER;[];[]
LOUDERSOUNDFORAMERE$39.95PERMONTHYOUNOWFOLLOWMOTLEYCRUE'STOMMYLEEONONLYFANS;[];[]
"LOUDERSOUND""DIMEBAGWASLIKESANTACLAUSWITHAPINKBEARD"":ZAKKWYLDESHARESMEMORIESOFTHELATEDIMEBAGDARRELL";[];[]
LOUDERNANDIBUSHELLPAYSHOMAGETOMEGWHITEWITHSEVENNATIONARMYCOVERPUNCTUATEDBYSCREAMS;[];[]
LOUDERSOUNDHAKENANNOUNCERETURNOFORIGINALKEYBOARDPLAYERPETEJONES;[];[]
LOUDERSOUNDLARKINPOERELEASEVIDEOFORCATHARTICSOUL-BLUESANTHEMSTRIKEGOLD;[];[]
LOUDERWATCHTHEHIVESPERFORMHATETOSAYITOLDYOUSOONHOWARDSTERN'SSHOW;[];[]
LOUDERCALIGULA'SHORSE,A.A.WILLIAMS,SHATTEREDSKIESALLANNOUNCEDFORRADARFESTIVAL;['A.A. Williams'];[]
LOUDERSOUNDTHRESHOLDKEYBOARDPLAYERANNOUNCESHISAUTOBIOGRAPHYINTIMEFORCHRISTMAS2022;[];[]
LOUDERANOTHERTOURBITESTHEDUSTASTHEAGONISTPULLPLUGONEUROPEANSHOWS;[];[]
LOUDERSOUNDJINJERBASSISTEUGENEABDUKHANOVDETAILSTERRIFYINGDRIVETOKYIVAMIDFALLINGBOMBS;[];[]
"LOUDERSTEVENTYLER'SLAWYERSWANTACLAIMOF""INTENTIONALINFLICTIONOFEMOTIONALDISTRESS""STRUCKFROMSEXUALASSAULTOFAMINORLAWSUITFILEDAGAINSTHIM";['Aerosmith'];['Steven Tyler']
LOUDERJETHROTULLSHARESTRIKINGVIDEOFORNEWSINGLEHAMMERONHAMMER;[];[]
LOUDERSOUNDHAKENSHAREVIDEOFORNEWSINGLETHEALPHABETOFME;[];[]
"LOUDEROZZYPULLSOUTOFPOWERTRIPFESTIVAL:""MYBODYISTELLINGMETHATI’MJUSTNOTREADY""";['AC/DC'];[]
"LOUDERDEESNIDERDEFENDSHISCOMMENTSABOUTROBERTPLANTANDRONNIEJAMESDIONOTBEINGREALPERFORMERS:""YOUCAN'TPUTMEANDROBERTPLANTINTHESAMECATEGORY""";[];[]
"LOUDER""I’DPAYTOBEINIT!"":NOELGALLAGHERNAMESHISDREAMSUPERGROUP,FEATURINGSOMEVERYFAMILIARFACES";[];[]
"LOUDERSOUNDIGGYPOPRECALLSWORKINGWITHGUNSN'ROSESDUOSLASHANDDUFFMCKAGAN:""THEYARRIVEDWITHAGALLONOFVODKAANDABOWLOFBLOW""";[];[]
LOUDERSOUNDWATCHIRONMAIDENBRINGSEXYBACKWITHTHEAIDOFANEXOTICDANCER;[];[]
LOUDERSOUNDTHEBLACKHEARTORCHESTRARELEASEVIDEOFORBRANDNEWSONGUNDERTHEHEADLIGHTS;[];[]
LOUDERSOUNDWATCHALATEX-CLADTOYAH,ROBERTFRIPPINAHANNIBALLECTERMASKANDAPUNKROCKCHESNEYHAWKESCOVERSTACY'SMOM;[];[]
LOUDERROGERDEANTEASESNEWYESALBUMARTWORKONLINE;[];[]
LOUDERSOUNDCASSYETTE'SSPELLBINDINGCOVEROFMYCHEMICALROMANCE'SI'MNOTOKAY(IPROMISE)WILLGIVEYOUGOOSEBUMPS;[];[]
LOUDERSOUNDGLASSHAMMERSHAREBRANDNEWVIDEOFORTHEYEARSROLLBY;[];[]
"LOUDERSOUNDELONMUSKCALLSTRENTREZNORA""CRYBABY""FORQUITTINGTWITTER";[];[]
LOUDERSOUNDLIFESIGNSANNOUNCEPLANSFORANEWLIVEANDSTUDIOALBUM;[];[]
LOUDERSOUNDFMANNOUNCENEWALBUMTHIRTEENANDSHAREITSFIRSTSINGLEWAITINGONLOVE;[];[]
LOUDERTHERE'SNOWACHRISTIAN-THEMEDCOVEROFSURVIVOR'SEYEOFTHETIGERANDJESUS,MARY,JOSEPHANDTHEWEEDONKEY,IT'STHESOUNDOFHELLONEARTH;[];[]
LOUDERSOUNDPATTERN-SEEKINGANIMALSRELEASEVIDEOFORICAN'TSTAYHEREANYMORE;[];[]
LOUDERSOUNDWATCHSCENEQUEENBRING'BIMBOCORE'TOTHEMASSESINCRAZY,BLOODTHIRSTYCOLLABWITHSETITOFF,BARBIE&KEN;[];[]
LOUDERHEREARETHEESSENTIALMETALRELEASESFORRECORDSTOREDAY2023;[];[]
"LOUDERBILLYCORGANHASONEGOODTHINGTOSAYABOUTTHEMUSICINDUSTRYIN2023:""THEGATEKEEPERSAREDEADANDNOWPEOPLEAREFIGURINGOUTWHOTHEREALBANDSARE""";[];[]
LOUDERSOUNDSPIRITBOXREVEALTHATTHEYAREALREADYWORKINGONEIGHTNEWSONGS;[];[]
LOUDERSOUNDWATCHAMONAMARTH'SVIDEOFORODENOWNSYOUALL;['Amon Amarth'];[]
LOUDERSOUNDEDWYNNESHARESSUITABLYTRIPPYANIMATIONFORINFINITYCURTAINS;[];[]
LOUDERWATCHJACKBLACKGIVEAWONDERFULLYBONKERSPERFORMANCEOFSUPERMARIOBROS'PEACHESWITHANORCHESTRAATTHEHOLLYWOODBOWL;[];[]
LOUDERSOUNDBABYMETALHAVERELEASEDAMYSTERIOUSNEWVIDEOCLIPTEASINGTHE‘METALVERSE’;[];[]
"LOUDER""ITSOUNDSLIKEANICKELBACKSONG"":THISAIJAMESHETFIELDCOVEROFSEAL'SKISSFROMAROSEISBOTHRIDICULOUSANDIMPRESSIVE";[];[]
LOUDERSOUNDTHISSLAYERVERSUSPRINCEMASHUPWILLBRINGJOYTOHUMANKIND;[];[]
LOUDERSOUNDLISTENTOPIXIESNAMECHECKVANHALENONINFECTIOUSNEWSINGLEDREGSOFTHEWINE;[];[]
LOUDERSOUNDSTEVEHOWEANNOUNCESSECONDALBUMWITHVIRGIL–WATCHTHECOSMICVIDEOFORLUNARMISTHERE;[];[]
LOUDERSOUNDLOOKOUT!THISRICKJAMESANDDIOMASH-UPISASLICEOFFRIEDINTERNETGOLD;['Alchemist'];[]
LOUDERHEREARETHE28SONGSBRUCESPRINGSTEENPLAYEDTOKICKOFFHIS2023WORLDTOUR;[];[]
LOUDERMYSTERYSHAREVIDEOFORBRANDNEWSINGLEBEHINDTHEMIRROR;[];[]
LOUDERSOUNDWATCHGEDDYLEEANDALEXLIFESONPLAYRUSHCLASSICSATTAYLORHAWKINSTRIBUTESHOW;[];[]
LOUDERSOUNDKISSPERFORMED'INTHERAW'ONTHEIRKISSKRUISEWITHOUTMAKE-UPORSTAGECLOTHESANDITFEELSKINDAWRONG;[];[]
LOUDERWATCHAXLROSEJOINCARRIEUNDERWOODFORALIVELYROMPTHROUGHWELCOMETOTHEJUNGLE;[];[]
LOUDERSOUNDRINASAWAYAMAANNOUNCESNEWALBUMHOLDTHEGIRL,RELEASESTRAILER;[];[]
"LOUDERSOUND""WEPLAYEDLIKEPUNKS.ALLOURANGERWASCOMINGOUT"":BLACKSABBATHANDTHEMESSYBIRTHOFHEAVYMETAL";[];[]
LOUDERNITASTRAUSSISGOINGTOBEREJOININGALICECOOPERFORHIS2023USTOURDATES;['Alice Cooper'];['Alice Cooper']
LOUDERTRIVIUM'SMATTHEAFYSTOPSSHOWANDSAVESCROWDSURFINGFANFROMINJURY;[];[]
LOUDERFROST*ANNOUNCETHEIRFIRSTEVERLIVEBLU-RAY;[];[]
LOUDERSOUNDSOILWORKANDNIGHTFLIGHTORCHESTRAGUITARISTDAVIDANDERSSONDEADAT47;[];[]
LOUDERWATCHALTPOPSTARRINASAWAYAMATEASEKORNANDLIMPBIZKITCLASSICSANDTAKESERIOUSSHOTSATTHE1975'SMATTYHEALYINHEREXPLOSIVEGLASTONBURYSET;[];[]
LOUDERSOUNDTERMINATOR2STARREVEALSHEWANTEDNINEINCHNAILSONFILM'SSOUNDTRACKINSTEADOFGUNSN'ROSES;[];[]
"LOUDERROGERWATERSISSUESDEFIANTSTATEMENTONFRANKFURTCONCERTBAN:""WE’RECOMINGANYWAY!BECAUSEHUMANRIGHTSMATTER!BECAUSEFREESPEECHMATTERS!""";[];[]
LOUDERSOUNDJEFFBERLINTORELEASETRIBUTETOTHELATECREAMBASSISTJACKBRUCE;[];[]
LOUDERSOUNDROLLINGSTONESTOCELEBRATE60YEARSOFROCKIN'WITHTHREEUKSHOWS;[];[]
"LOUDER""HE’SADESPERATE,UNTALENTEDPIECEOFS***"":NIRVANAONTHETIMEBONJOVIWANTEDTOLOOKLIKETHEM";[];[]
LOUDERSTATUSQUO'SLONG-LOST1974APPEARANCEONTHEMIDNIGHTSPECIALHASFINALLYBEENFOUND;[];[]
LOUDERSOUNDPINKFLOYDTOFINALLYRELEASENEWMIXOFANIMALSINSEPTEMBER;[];[]
LOUDERSOUNDAIMINGFORENRIKESHARELIVEVIDEOFOR11-MINUTEEMPTYAIRPORTSPARTS1,2AND3;['Aiming For Enrike'];[]
"LOUDERSOUNDSAMMYHAGARSAYS""EVERYONETURNEDBACKINTOSHEEP""DURINGTHECOVID-19PANDEMIC";[];[]
LOUDERSOUNDVERBALDELIRIUMANNOUNCEFOURTHALBUMCONUNDRUM;[];[]
LOUDERSOUNDNOELGALLAGHERRECALLSTHEMOMENTHEKNEWHEWASSETFORSUCCESSWITHOASIS;[];[]
LOUDERSOUNDRAGE-FUELLEDKARENSSCREAMINGALONGTOMETALRIFFSISCOMEDYGOLDONCEAGAIN;[];[]
LOUDERSOUNDMETALLICA'SFIRSTSETLISTOF2022SHOWSTHEY'RENOTF**KINGABOUT;[];[]
LOUDERMOLYBARONRETURNWITHTHIRDALBUMSOMETHINGOMINOUS;[];[]
LOUDERSOUNDREMEMBERINGTHETIMEKATEBUSHPERFORMEDRUNNINGUPTHATHILLWITHPINKFLOYD'SDAVIDGILMOURANDMADEMAGIC;[];[]
LOUDERSOUNDSAXONRELEASEEPICSINGLETHEPILGRIMAGE;[];[]
"LOUDERDAVELOMBARDODEFENDSLARSULRICHANDISN'THAPPYWITHHISHATERS:""IADMONISHTHEPEOPLEWHOTALK****ABOUTHIM""";[];[]
LOUDERPETERGABRIELANNOUNCESMORENORTHAMERICANSHOWS;[];[]
LOUDERSOUNDTHEAARONCLIFTEXPERIMENTANNOUNCENEWALBUMPRE-ORDERCAMPAIGN;[];[]
"LOUDERJAMIELEECURTISTHINKSBANDSSHOULDSTARTPLAYINGMATINEECONCERTS:""WHATABOUTIT,BRUCESPRINGSTEEN?""";[];[]
LOUDERSOUNDTHEMYSTERYOFWHICHSONGFEATURESTHATGUITARSOLOINTHENEWSTRANGERTHINGSHASBEENSOLVED;[];[]
LOUDERBLACKBERRYSMOKEANNOUNCENEWALBUMBERIGHTHERE,LAUNCHDIGAHOLESINGLE;[];[]
LOUDERSOUNDWATCHTHENEWVIDEOFOROCEANSOFSLUMBER'STHEHANGINGTREE;[];[]
LOUDERSOUNDSAVE30%ACROSSAHUGERANGEOFBATMANANDDCCLOTHINGANDMERCH;[];[]
LOUDERSOUNDFEVER333WILLCONTINUEDESPITELOSINGGUITARISTANDDRUMMER,VOWSVOCALISTJASONAALONBUTLER;[];[]
LOUDERSOUNDFEVER333VOCALISTJASONAALONBUTLERSHELVESALLTOURINGACTIVITYUNTILNEXTSPRING;[];[]
LOUDERSOUNDTHEPARALLAXMETHODGUITARISTDANNYBEARDSLEYRELEASESVIDEOFORPULLINGMEUNDER;[];[]
LOUDERSOUNDWATCHJOHNFRUSCIANTESABOTAGETHEREDHOTCHILIPEPPERSONSATURDAYNIGHTLIVE;[];[]
LOUDERSOUNDDAVECURETONRELEASESVIDEOTEASERFORDEBUTSOLOALBUM;[];[]
LOUDERSOUNDLONGDISTANCECALLINGRETURNWITHVIDEOFORBRANDNEWSINGLEKAMILAH;[];[]
LOUDERFORMERFIGHTSTARFRONTMANCHARLIESIMPSONRELEASESCOVERSEPAFTERWINNINGTV'STHEMASKEDSINGERAS'RHINO';[];[]
LOUDERSOUNDKAIPAANNOUNCENEWDRUMMERANDNEWALBUM;[];[]
LOUDERSOUNDSAXOPHONISTBARBARATHOMPSONDEADAT77;[];[]
LOUDERSOUNDWATCHQUEEN+PAULRODGERSPLAYHISTORICLIVESHOWINFREEDOMSQUARE,KHARKIV,UKRAINE;[];[]
LOUDERSTEVEHACKETTANNOUNCESFOXTROTATFIFTYNORTHAMERICANTOUR;[];[]
LOUDERSOUNDGORDONGILTRAP'SIRONMAIDENCONNECTION;[];[]
"LOUDERSOUNDDREAMWIFESHAREFIERCENEWSINGLELEECH:""WEWANTEDTOWRITESOMETHINGTHATFEELSLIKELETTINGANANIMALOUTOFACAGE""";[];[]
LOUDERSOUNDFERNRELEASEVIDEOFORTHEIRVERYFIRSTSINGLEHYPERREAL;[];[]
LOUDERSOUNDWARDRUNA,HAKENANDTESSERACTALLANNOUNCEDFORARTMANIAFESTIVAL;[];[]
"LOUDERALICECOOPERANDDEMILOVATOHAVEWRITTENASONGTOGETHER,ACCORDINGTONITASTRAUSS:""THEYBOTHSAIDTHATITWENTAMAZINGLYWELL""";['Alice Cooper'];['Alice Cooper']
LOUDERSOUNDGLASSHAMMER'SSTEVEBABBRELEASESDEBUTSKALLAGRIMNOVEL;[];[]
LOUDERTHESISTERSOFMERCYSETTOMAKETHEIRRETURNTONORTHAMERICAAFTERALMOST15YEARS;[];[]
LOUDERSOUNDHOLYHELL!TOYAHANDROBERTFRIPPHAVEONLYGONEANDCOVEREDPANTERA;[];[]
"LOUDERSOUNDREDHOTCHILIPEPPERS'FLEAIN""HAIRMETALWASF**KINGGREAT!""SHOCKER";[];[]
"LOUDERSOUNDTYPEONEGATIVEWILLNEVERHAVEAREUNION,INSISTSDRUMMERJOHNNYKELLY,BUTHEBELIEVESTHATPETESTEELE'SWORK""DESERVESSOMEKINDOFCELEBRATION""";[];[]
LOUDERSOUNDDIMGRAYRELEASENEWLYRICVIDEOFORMARE;[];[]
LOUDERSOUNDMåNESKINPOSTPONEUK/EUROPETOURCITINGCHANGESINCOVID-19PROTOCOLS;[];[]
LOUDERSOUNDGET25%OFFTHEPRICEOFTHEAWESOMECAMBRIDGEAUDIOMELOMANIA1+HEADPHONES;[];[]
LOUDERSOUNDSLEEPTOKENDROPTHIRDSURPRISESINGLE,GRANITE;[];[]
LOUDERSOUNDTOOLPLAY(NEAR)CAREER-SPANNINGSETINFIRSTSHOWINALMOSTTWOYEARS;[];[]
LOUDERSOUNDWEDNESDAY13PAYSTRIBUTETOJOEYJORDISONON-STAGEATFIRSTSHOWOF2022;[];[]
LOUDERSOUNDKLAUSSCHULZEWILLRELEASENEWALBUMDEUSARRAKISINJUNE;[];[]
LOUDERSOUNDVLMVSTREAMHAUNTINGNEWSINGLETHENAVIGATOR;[];[]
LOUDERSOUNDLISTENTOANEWREMIXOFFIRESTARTERFROMTHEPRODIGY'S25THANNIVERSARYEDITIONOFTHEFATOFTHELAND;[];[]
LOUDERSOUNDLAMBOFGODANNOUNCENEWALBUMOMENSANDSHAREUSTOURDATES;[];[]
LOUDERSOUNDTHISCROWD-SURFING,POWERMETAL-LOVINGSECURITYGUARDISTHEGREATESTTHINGYOU’LLSEETODAY;[];[]
LOUDERLISTENTOMIDASFALL'SPOWERFULCOVEROFRADIOHEAD'SCREEP;[];[]
LOUDERSOUNDFRANKCARTERANDTHERATTLESNAKES,POPPY,ALLTIMELOWAMONGNEWREADING/LEEDSFESTIVALADDITIONS;['All Time Low'];[]
LOUDERLIZZO'SCOVEREDRAMMSTEINAGAIN-THISTIMECOMPLETEWITHAFULLLIVEBAND,HEADBANGSANDBOOTYSHAKES;[];[]
LOUDERSOUNDWATCHFIRED-UPBLOODSTOCKFESTIVALPUNTERSSTAGEACHAOTICWHEELIEBINJOUSTINGTOURNAMENT;[];[]
LOUDERSOUNDMARSHALLANNOUNCEONE-OFFFESTIVALINCELEBRATIONOF60THANNIVERSARY;[];[]
LOUDERSOUNDMåNESKINTEASESUMMERYNEWSINGLESUPERMODELINNEWPOOL-SIDEPOST;[];[]
LOUDERSOUNDTHISBANDHASREIMAGINEDROBZOMBIE'SDRAGULAASACHRISTMASSONGANDIT'SSURPRISINGLYCREEPY/FESTIVE;[];[]
LOUDERSUMMER'SENDPROGRESSIVEROCKFESTIVALANNOUNCESDAYSPLITS;[];[]
LOUDERSOUNDALANPARSON'SPROJECT'STURNOFAFRIENDLYCARDTOGETFOUR-DISCREISSUE;[];[]
LOUDERSOMEONERECEIVEDOVER1000EMAILSMEANTFORBRINGMETHEHORIZON’SOLISYKESBECAUSETHEYHAVETHESAMENAME;[];[]
LOUDERKARDAESTRAREIMAGINE2006ALBUMTHEAGEOFSCIENCEANDENLIGHTENMENT;[];[]
LOUDERSOUNDWATCHSEBASTIANBACHRAPPINGOUTKAST,SNOOPDOGGANDRUN-DMCCLASSICSONONEOFTHEMOSTSURREALREALITYTVSHOWSEVER;[];[]
LOUDERSOUNDPARAMOREPREVIEWNEWSONGTHENEWS;[];[]
LOUDERMETALLICASHAREARTWORKCREATEDBYSLIPKNOT'SCLOWN,MYCHEMICALROMANCE'SGERARDWAYANDMOREFORTHEIR2012EXHIBITIONOBEYYOURMASTER;[];[]
LOUDERSAMMYHAGAR:METALLICAOWEME$200;[];[]
"LOUDER""THEACCUSATIONSOFTHELASTFEWWEEKSHAVEDEEPLYSHAKENUSASABAND"":RAMMSTEIN'SCHRISTOPHSCHNEIDERRELEASESSTATEMENTONALLEGATIONSMADEAGAINSTTILLLINDEMANN";[];[]
LOUDERSOUNDFRANKZAPPA'SFILLMOREEAST1971GETSEXPANDED50THANNIVERSARYRELEASE;[];[]
LOUDERSOUNDLEPROUSANNOUNCEDASTHIRDHEADLINERFORRADARFESTIVAL;[];[]
LOUDERFOURMORECLASSICJOURNEYPERFORMANCESFROMTHEMIDNIGHTSPECIALHAVEAPPEAREDONLINE;[];[]
LOUDERANOTHERBUDLIGHT,KIDROCK?;[];[]
LOUDERSOUNDSOMEGENIUSHASMADETHEVIDEOGAMEINREDHOTCHILIPEPPERS'CALIFORNICATIONVIDEOPLAYABLE;[];[]
LOUDERWATCHDAVIDBOWIEPLAYSUFFRAGETTECITYFORTHEFIRSTTIMEINLONDON,JUST8DAYSAFTERRECORDINGITFORZIGGYSTARDUST;[];[]
LOUDERWATCHKORN'SFIELDYSHOWOFFHISAWESOMEHOUSEONMTVCRIBSBACKIN2002;[];[]
"LOUDER""I’VEBEENWORKINGTOWARDSTHISMOMENT"":TOOL'SMAYNARDJAMESKEENANISOPENINGANEWICECREAMPARLOUR,ATRATTORIA,AWINERYANDHISOWNTRAMLINE";['A Perfect Circle'];['Maynard James Keenan']
LOUDERHEREARETHE20LONGEST-CHARTINGALBUMSINTHEHISTORYOFTHEBILLBOARD200;['AC/DC'];[]
"LOUDERYES,LARSULRICHREADSONLINECOMMENTSABOUTMETALLICA'SMUSIC:""ICHALLENGEANYBODYINABANDTOSAYTHEYDON'T""";[];[]
LOUDERALICECOOPERTORELEASENEWALBUMROAD,SHARESGRITTYFIRSTSINGLEI'MALICE;['Alice Cooper'];['Alice Cooper']
"LOUDER""SICK!SOPUNK!"":LUXURYFASHIONBRANDSAINTLAURENTISSELLINGSECOND-HANDNIRVANAT-SHIRTSFORTHOUSANDSOFPOUNDS";[];[]
LOUDERSOUNDMATTSTEVENSJOINSTIMBOWNESSFORLIVESHOWS;[];[]
LOUDERSOUNDSUSANNARELEASESBRANDNEWVIDEOFORALCHEMYOFSUFFERING;[];[]
LOUDERSOUNDWATCHLAMBOFGOD'SRANDYBLYTHETAKEPARTINANUNUSUALTIKTOKSCIENCEEXPERIMENT;[];[]
LOUDERSOUNDCLAUDIABRüCKEN,SUSANNEFREYTAGANDSTEVELIPSONANNOUNCEXPROPAGANDAALBUM;[];[]
LOUDERSOUNDGODISANASTRONAUTSHARENEWLIVEVIDEOFORCODA;[];[]
LOUDERTHEWORLDNEARLYGOTASUPERGROUPFEATURINGMEMBERSOFTHESEXPISTOLS,BLONDIEANDTHEBAYCITYROLLERS;[];[]
LOUDERSOUNDL.O.E.ANNOUNCEFEBRUARYTOURDATES;[];[]
LOUDERSOUNDTHISRAMMSTEINGASCYLINDERLAMPISTHEMOSTMETALTHINGYOU'LLSEETHISWEEK;[];[]
LOUDERSOUNDTHEGARRETTBANDSTREAMNEWSINGLEONEMOREDAY;[];[]
LOUDERRAREWHITELABELSFROMLEDZEPPELIN,THINLIZZY,THEWHOANDMANYMOREGOUNDERTHEHAMMER;[];[]
LOUDERSOUNDSKIDROWANNOUNCEFIRSTEUROPEANTOURWITHNEWSINGERERIKGRöNWALL;[];[]
LOUDERSOUNDJACKHUESSHARESEPICLIVEVERSIONOFBECK'SNOBODY'SFAULTBUTMYOWN;[];[]
LOUDERSOUNDWATCHQUEENSRYCHE'SBITTERSWEETVIDEOFORLATESTSINGLEFOREST;[];[]
LOUDERKLONESHARELYRICVIDEOFORBROODING,ATMOSPHERICNEWSINGLEAPNEA;[];[]
LOUDERSOUNDBLACKSABBATHHADFOURDAYSTOTEACHVINNYAPPICETHEIRSET,SOTHEYWENTTOTHEPUBINSTEAD;[];[]
LOUDERSOUNDELVISPRESLEY'SPRIVATEJETHASBEENSOLDFOR$260,000AFTERLYINGABANDONEDINTHEDESERTFOR40YEARS;[];[]
LOUDERSOUNDMARILLIONANNOUNCESURPRISENETHERLANDSWEEKENDFORAPRIL;[];[]
"LOUDERADAMLAMBERT:""THERE'SNOREPLACINGFREDDIEMERCURY.IT'SIMPOSSIBLE.FREDDIEMERCURYISAMYTHICROCKGOD""";['Adam Lambert'];[]
LOUDERSOUNDITSEEMSWEMIGHTBEGETTINGSEQUELSTOSCHOOLOFROCKANDPICKOFDESTINY,UNLESSTENACIOUSDARECRUELLYTROLLINGUS;[];[]
LOUDERSOUNDMACHINEGUNKELLYCHANGESALBUMTITLE...AFTERGETTINGORIGINALTITLETATTOOED;[];[]
LOUDERSOUNDMOTLEYCRUEANDDEFLEPPARDADDAMERICANDATESTOTHEIR2023WORLDTOUR;[];[]
LOUDERSOUNDSMITH/KOTZENLAUNCHNEWLIVE/STUDIOEPBETTERDAYS...ANDNIGHTS;[];[]
LOUDERSOUNDTHEREISNOWACOMICBOOKYOUCANBUYTHAT'SALLABOUTSTEVIENICKS;[];[]
LOUDERHELMETANNOUNCEUKANDEUROPETOURDATESINSUPPORTOFLEFT,THEIRFIRSTSTUDIOALBUMINSEVENYEARS;[];[]
LOUDERSOUNDDAMIANWILSONANDSTEVEWALSHGUESTONNEWLALUVIDEOFORPAINTTHESKY;[];[]
LOUDERSOUNDGHOST'STOBIASFORGEWOULDHAVELOVEDTOPLAYGUITARFORTHEROLLINGSTONES;[];[]
LOUDERSOUNDTIMBOWNESS,NOELMCCALLAANDMSAMYBIRKSGUESTONNEWROCKOPERA;[];[]
LOUDERSOUNDWILKOJOHNSONHASDIED,AGED75;[];[]
LOUDERFORMERXERATHMUSICIANSRESURFACEINTHEENIGMADIVISION;[];[]
LOUDERSOUNDROGERWATERS,DAVIDGILMOURSHARETHEIRMEMORIESOFLATEPINKFLOYDBANDMATESYDBARRETTINNEWDOCUMENTARY;[];[]
LOUDERWATCHSLASHANDZZTOP’SBILLYGIBBONSPLAYSWEETHOMEALABAMAATSTAR-STUDDEDLYNYRDSKYNYRDTRIBUTE;[];[]
LOUDERSOUNDSIKTHTACKLEMENTALHEALTHISSUESINPSYCHEDELICVIDEOFORBEHINDTHEDOORS;[];[]
LOUDERSOUNDDAVIDLEEROTHRELEASESNEWPIANOBALLAD,POINTINGATTHEMOON;[];[]
LOUDERIFYOU’RELOOKINGFORAMICHAELJACKSONSONGPLAYEDINTHESTYLEOFSLAYER,STOPSCROLLINGNOW;[];[]
LOUDERALTERBRIDGEANNOUNCEMAYUSTOURDATESWITHSEVENDUST;['Alter Bridge'];[]
LOUDERSOUNDFEEDMETOTHEWAVESSTREAMWHOLEOFBRANDNEWALBUMAPART;[];[]
LOUDERWATCHARCHENEMY'SALISSAWHITE-GLUZASTRAPPEDMERMAIDINPETACAMPAIGN;['Arch Enemy'];[]
LOUDERSOUNDTHISAI-GENERATEDDEATHMETALVIDEOFEATURINGADEMONICHOMERSIMPSONISTOTALNIGHTMAREFUEL;[];[]
LOUDERSOUNDJAMESHETFIELDWARNSMETALLICAFANSNOTTOFALLFORSOCIALMEDIAIMPOSTERS;[];[]
LOUDERSOUNDTOMMYLEE’SWIFEREACTSTOTHENSFWNUDEPHOTOTHATBROKETHEINTERNET;[];[]
LOUDERSOUNDPROGGUITARISTPLINISHARESNEWLIVEVIDEOFORPAN;[];[]
"LOUDERSOUNDTHEMETALWORLDREACTSTOJONZAZULA'SDEATH:""METALLICAWOULDNOTBEWHOWEAREWITHOUTJON""";['Anthrax'];[]
LOUDERRUNTOTHECHILLS:THISEDDIEICEBUCKETHASLEFTUSLOSFERWORDS;[];[]
LOUDERSOUNDWEBROUGHTEVANESCENCE’SAMYLEEANDKORN’SJONATHANDAVISTOGETHERFORTHEBRANDNEWISSUEOFMETALHAMMER;[];[]
LOUDERSOUND80SPROGGERSTRILOGYGEARUPFOR40THANNIVERSARYLIVESHOWS;[];[]
LOUDERSOUNDBOXSETOFMUSICFROMTHEFILMSOFJOHNHUGHESWILLTAKEUSRIGHTBACKTOTHE80S;[];[]
LOUDERSOUNDPINKFLOYDSONGCATALOGUESALEREPORTEDLYTHREATENEDBYBANDINFIGHTING;[];[]
LOUDERSOUNDSOLSTICETOCELEBRATELAUNCHOFNEWALBUMLIGHTUPWITHALL-DAYLIVEEVENT;[];[]
LOUDERSOUNDBLACKSTONECHERRYANNOUNCESPECIALGLOBALLIVESTREAMEVENT;[];[]
"LOUDERDEESNIDERLAUGHSOFF'OUTRAGE'OVERHISCOMMENTSONROBERTPLANTANDRONNIEJAMESDIONOTBEING'PERFORMERS':""PEOPLEWERELIKE,HOWDAREYOU!""";[];[]
"LOUDERSOUNDTOOL'SMAYNARDJAMESKEENANDOESN'TCAREFORTIKTOK,THINKSSOMEBANDS""REEKOFDESPERATION""TRYINGTOSTAYRELEVANT";['A Perfect Circle'];['Maynard James Keenan']
LOUDERGRETAVANFLEETANNOUNCESTARCATCHERWORLDTOUR;[];[]
LOUDERDAVIDBOWIEISV&AEXHIBITTOBECOMEAPERMANENTFIXTUREINLONDON;[];[]
LOUDERSOUNDALEXHENRYFOSTERPREMIERESVIDEOFORLOUREED'STHEPOWEROFTHEHEART;[];[]
LOUDERSOUNDWATCHPRO-SHOTFOOTAGEOFMETALLICAPERFORMINGBLITZKRIEG;[];[]
LOUDERSOUNDROCK'SGREATESTCOVERVERSIONS:ONLYINTHENEWISSUEOFCLASSICROCKMAGAZINE;['Alcatrazz'];['Steve Vai']
LOUDERSOUNDWOLFGANGVANHALENSLAMSTVSHOWABOUTHISFATHERSDEATHANDANYONEWHOMIGHTWATCHIT;[];[]
LOUDERSOUNDIRONMAIDENUNVEILNEW‘SAMURAIEDDIE’ATFIRSTLIVESHOWSINCE2019;[];[]
"LOUDERDISTURBED'SDAVIDDRAIMANWOULD""LOVE""TOCOLLABORATEWITHTAYLORSWIFT:""SHE'SABRILLIANTWOMANANDONEOFTHEGREATSONGWRITERSOFOURTIME""";[];[]
LOUDERWATCHTHETRAILERFORTHENEWSYDBARRETTMOVIEHERE...;[];[]
LOUDERSOUNDLISTENTOYUNGBLUD'SROWDY,INFECTIOUSNEWSINGLETHEEMPEROR;[];[]
LOUDERSOUNDSLASH’SSON’SBANDHAVEJUSTRELEASEDASINGLEANDITSOUNDSNOTHINGLIKEGUNSN’ROSES;[];[]
LOUDERWATCHJOURNEYANDHERBIEHANCOCKELEVATEJUNIORWALKER'SROADRUNNERINTOTHEFUNKOSPHERE;[];[]
"LOUDERSOUNDRICONASTYSAYS""EVERYONEHATES""HERNEWSINGLESKULLFLOWERANDSHECOULDNOTCARELESS";[];[]
LOUDERSOUNDLESOIR,MAUDTHEMOTH,EBBANDMOREANNOUNCEDFORASUNDAYINSEPTEMBER;[];[]
LOUDERSOUNDCANADIANLEADERJUSTINTRUDEAUSLAMMEDFORSINGINGBOHEMIANRHAPSODYINALONDONHOTEL;[];[]
LOUDERSOUNDPINKFLOYDTORELEASEPHYSICALVERSIONOFHEYHEYRISEUP;[];[]
LOUDERSOUNDGHOST'SIMPERAISMETALHAMMER'SALBUMOFTHEYEAR;[];[]
LOUDERTHEVENUEFORLIMPBIZKIT'SUPCOMINGSHOWSINLONDONHASCHANGED;[];[]
LOUDERSOUNDZAKKWYLDEWILLBE'FAITHFUL'TODIMEBAGDARRELL'SPANTERAWORK;[];[]
LOUDERCALIGULA'SHORSEANNOUNCERISERADIANTEUROPEANTOUR;[];[]
LOUDERSOUNDTUSMORKESTREAMNEWSINGLEKUNSTIGUINTELLIGENS;[];[]
LOUDERSOUNDLISTENTONEWFONTAINESD.C.SINGLEJACKIEDOWNTHELINE;[];[]
LOUDERSOUNDGOT$7KTOSPARE?HERE'SWHATYOUGETWHENYOUEMPTYYOURBANKACCOUNTFORAN'ENHANCEDEXPERIENCE'ONMETALLICA'S2023WORLDTOUR;[];[]
LOUDERWATCHAFRESH-FACED,PRE-FAMEMÅNESKINCOVERAMYWINEHOUSECLASSICBACKTOBLACKASTEENAGERS;[];[]
LOUDERSOUNDLAMBOFGODUNVEILNEWSINGLENEVERMORE;[];[]
LOUDERMETALLICAWEREN'TALLOWEDTOMAKEEYECONTACTWITHMICKJAGGERWHENTHEYSUPPORTEDTHEROLLINGSTONES;[];[]
LOUDERSOUNDOUTRUNTHESUNLIGHTSHARENEWLIVEVIDEOFOREMERALDJOY;[];[]
LOUDERSOUNDBAGMASSIVESAVINGSONTHEALL-NEWAMAZONECHODOTTHISCYBERMONDAY;[];[]
LOUDERLARSULRICHTHINKSMETALLICAHAVEABOUTTENYEARSLEFTASATOURINGBAND;[];[]
LOUDERNEWBOOKREVEALSMARKLANEGANCO-WROTENIRVANA'SSOMETHINGINTHEWAY;[];[]
LOUDERSOUNDMÅNESKINCANCELFESTIVALAPPEARANCES,RELEASEFIRSTPARTOFTOURDOCUMENTARY;[];[]
